quarter,direction,rank,partner,weight
2020-Q1,sent,1,US,1828
2020-Q1,sent,,EU,538
2020-Q1,sent,2,SA,411
2020-Q1,sent,3,DE,221
2020-Q1,sent,4,FR,162
2020-Q1,sent,5,HU,155
2020-Q1,received,,EU,172
2020-Q1,received,1,FR,172
2020-Q2,sent,1,US,1972
2020-Q2,sent,,EU,892
2020-Q2,sent,2,FR,481
2020-Q2,sent,3,HU,210
2020-Q2,sent,4,DE,201
2020-Q2,received,,EU,326
2020-Q2,received,1,FR,326
2020-Q2,received,2,US,176
2020-Q2,received,3,RU,134
2020-Q2,received,4,MY,118
2020-Q3,sent,1,US,1269
2020-Q3,sent,,EU,445
2020-Q3,sent,2,IN,342
2020-Q3,sent,3,FR,316
2020-Q3,sent,4,DE,129
2020-Q3,sent,5,RU,117
2020-Q3,received,,EU,157
2020-Q3,received,1,FR,157
2020-Q4,sent,1,US,1287
2020-Q4,sent,,EU,1185
2020-Q4,sent,2,DE,622
2020-Q4,sent,3,FR,246
2020-Q4,sent,4,IN,223
2020-Q4,sent,5,ES,169
2020-Q4,sent,6,HU,148
2020-Q4,received,1,DE,128
2020-Q4,received,,EU,128
2020-Q4,received,2,IN,105
2021-Q1,sent,1,US,1016
2021-Q1,sent,,EU,637
2021-Q1,sent,2,FR,307
2021-Q1,sent,2,IN,307
2021-Q1,sent,4,DE,188
2021-Q1,sent,5,ES,142
2021-Q1,received,,EU,137
2021-Q1,received,1,FR,137
2021-Q2,sent,1,US,1404
2021-Q2,sent,,EU,370
2021-Q2,sent,2,FR,227
2021-Q2,sent,3,DE,143
2021-Q2,sent,4,GB,104
2021-Q2,received,,EU,322
2021-Q2,received,1,DE,218
2021-Q2,received,2,US,111
2021-Q2,received,3,FR,104
2021-Q3,sent,1,US,2331
2021-Q3,sent,,EU,275
2021-Q3,sent,2,DE,159
2021-Q3,sent,3,FR,116
2021-Q3,received,1,DE,225
2021-Q3,received,,EU,225
2021-Q4,sent,1,US,1101
2021-Q4,sent,,EU,672
2021-Q4,sent,2,DE,257
2021-Q4,sent,3,FR,213
2021-Q4,sent,4,HR,202
2021-Q4,sent,5,CA,196
2021-Q4,sent,6,IN,139
2021-Q4,sent,7,GB,126
2021-Q4,received,,EU,402
2021-Q4,received,1,FR,205
2021-Q4,received,2,DE,197
2022-Q1,sent,,EU,1477
2022-Q1,sent,1,DE,755
2022-Q1,sent,2,US,728
2022-Q1,sent,3,FR,376
2022-Q1,sent,4,IN,191
2022-Q1,sent,5,HR,181
2022-Q1,sent,6,HU,165
2022-Q1,sent,7,CA,148
2022-Q1,sent,8,CO,122
2022-Q1,received,,EU,175
2022-Q1,received,1,FR,175
2022-Q2,sent,1,US,2076
2022-Q2,sent,,EU,1167
2022-Q2,sent,2,DE,661
2022-Q2,sent,3,FR,506
2022-Q2,sent,4,IN,150
2022-Q2,sent,5,GB,139
2022-Q2,received,,EU,106
2022-Q2,received,1,FR,106
2022-Q2,received,2,US,103
2022-Q3,sent,1,US,2427
2022-Q3,sent,,EU,1467
2022-Q3,sent,2,DE,721
2022-Q3,sent,3,FR,469
2022-Q3,sent,4,GB,233
2022-Q3,sent,5,IN,176
2022-Q3,sent,6,HU,168
2022-Q3,sent,7,OM,112
2022-Q3,sent,8,BE,109
2022-Q3,received,1,PK,175
2022-Q3,received,2,DE,144
2022-Q3,received,,EU,144
2022-Q3,received,3,TR,139
2022-Q3,received,4,MX,117
2022-Q3,received,5,US,108
2022-Q4,sent,,EU,2242
2022-Q4,sent,1,US,1648
2022-Q4,sent,2,DE,821
2022-Q4,sent,3,FR,758
2022-Q4,sent,4,HU,242
2022-Q4,sent,5,EG,236
2022-Q4,sent,6,CA,186
2022-Q4,sent,7,BE,177
2022-Q4,sent,8,IN,167
2022-Q4,sent,9,RU,134
2022-Q4,sent,10,NL,129
2022-Q4,sent,11,TR,127
2022-Q4,sent,12,CZ,115
2022-Q4,sent,13,GB,108
2022-Q4,received,,EU,152
2022-Q4,received,1,FR,152
2022-Q4,received,2,TN,146
2022-Q4,received,3,SA,130
2023-Q1,sent,,EU,2339
2023-Q1,sent,1,US,1820
2023-Q1,sent,2,FR,1081
2023-Q1,sent,3,DE,594
2023-Q1,sent,4,ES,437
2023-Q1,sent,5,CA,347
2023-Q1,sent,6,CH,285
2023-Q1,sent,7,IN,154
2023-Q1,sent,8,GB,142
2023-Q1,sent,9,BE,117
2023-Q1,sent,10,HU,110
2023-Q1,sent,11,RU,102
2023-Q1,received,,EU,387
2023-Q1,received,1,NG,194
2023-Q1,received,2,US,180
2023-Q1,received,3,FR,169
2023-Q1,received,4,UA,149
2023-Q1,received,5,TN,131
2023-Q1,received,6,PK,117
2023-Q1,received,7,PL,109
2023-Q1,received,7,RO,109
2023-Q2,sent,,EU,1998
2023-Q2,sent,1,US,1631
2023-Q2,sent,2,FR,1023
2023-Q2,sent,3,DE,586
2023-Q2,sent,4,CA,406
2023-Q2,sent,5,HR,389
2023-Q2,sent,6,GB,221
2023-Q2,sent,7,MA,152
2023-Q2,sent,8,IN,134
2023-Q2,received,,EU,483
2023-Q2,received,1,FR,318
2023-Q2,received,2,LU,165
2023-Q2,received,3,TH,123
2023-Q2,received,4,ID,113
2023-Q3,sent,1,US,1780
2023-Q3,sent,,EU,1405
2023-Q3,sent,2,FR,1018
2023-Q3,sent,3,BR,526
2023-Q3,sent,4,DE,387
2023-Q3,sent,5,IN,307
2023-Q3,sent,6,CH,181
2023-Q3,sent,7,GB,163
2023-Q3,sent,8,NG,121
2023-Q3,sent,9,TR,116
2023-Q3,sent,10,CA,107
2023-Q3,received,,EU,370
2023-Q3,received,1,EG,141
2023-Q3,received,2,LU,140
2023-Q3,received,3,SA,135
2023-Q3,received,4,MA,128
2023-Q3,received,5,JO,123
2023-Q3,received,6,IN,122
2023-Q3,received,7,DE,117
2023-Q3,received,8,NG,116
2023-Q3,received,9,ID,115
2023-Q3,received,10,FR,113
2023-Q4,sent,1,BR,1473
2023-Q4,sent,2,US,1433
2023-Q4,sent,,EU,1335
2023-Q4,sent,3,IN,972
2023-Q4,sent,4,FR,795
2023-Q4,sent,5,DE,540
2023-Q4,sent,6,GB,287
2023-Q4,sent,7,EG,280
2023-Q4,sent,8,TR,109
2023-Q4,received,,EU,373
2023-Q4,received,1,FR,222
2023-Q4,received,2,US,193
2023-Q4,received,3,LU,151
2023-Q4,received,4,NG,111
2024-Q1,sent,1,BR,2719
2024-Q1,sent,,EU,1648
2024-Q1,sent,2,US,1575
2024-Q1,sent,3,FR,1003
2024-Q1,sent,4,IN,349
2024-Q1,sent,5,DE,283
2024-Q1,sent,6,GB,242
2024-Q1,sent,7,MA,191
2024-Q1,sent,8,HR,129
2024-Q1,sent,9,NL,121
2024-Q1,sent,10,HU,112
2024-Q1,received,,EU,365
2024-Q1,received,1,FR,193
2024-Q1,received,2,LU,172
2024-Q2,sent,1,US,1492
2024-Q2,sent,,EU,1456
2024-Q2,sent,2,BR,1239
2024-Q2,sent,3,FR,915
2024-Q2,sent,4,DE,434
2024-Q2,sent,5,GB,383
2024-Q2,sent,6,IN,259
2024-Q2,sent,7,PS,213
2024-Q2,sent,8,RU,193
2024-Q2,sent,9,CA,124
2024-Q2,sent,9,HK,124
2024-Q2,sent,11,EG,117
2024-Q2,sent,12,TW,116
2024-Q2,sent,13,CZ,107
2024-Q2,received,,EU,676
2024-Q2,received,1,PT,222
2024-Q2,received,2,FR,184
2024-Q2,received,3,LU,143
2024-Q2,received,4,US,135
2024-Q2,received,5,DE,127
2024-Q3,sent,1,US,1280
2024-Q3,sent,,EU,1019
2024-Q3,sent,2,FR,656
2024-Q3,sent,3,IN,315
2024-Q3,sent,4,GB,311
2024-Q3,sent,5,SA,307
2024-Q3,sent,6,MA,254
2024-Q3,sent,7,DE,202
2024-Q3,sent,8,IT,161
2024-Q3,sent,9,AR,126
2024-Q3,sent,10,RU,124
2024-Q3,sent,11,NG,122
2024-Q3,received,,EU,207
2024-Q3,received,1,FR,207
2024-Q3,received,2,IN,142
2024-Q3,received,3,US,128
2024-Q3,received,4,GB,127
2024-Q4,sent,1,US,2163
2024-Q4,sent,,EU,1569
2024-Q4,sent,2,FR,972
2024-Q4,sent,3,DE,597
2024-Q4,sent,4,GB,313
2024-Q4,sent,5,IN,284
2024-Q4,sent,6,RU,188
2024-Q4,sent,7,EG,154
2024-Q4,sent,8,RS,112
2024-Q4,received,,EU,800
2024-Q4,received,1,LU,326
2024-Q4,received,2,FR,239
2024-Q4,received,3,DE,235
2024-Q4,received,4,KE,118
2025-Q1,sent,,EU,1730
2025-Q1,sent,1,US,1188
2025-Q1,sent,2,FR,1132
2025-Q1,sent,3,DE,598
2025-Q1,sent,4,IN,347
2025-Q1,sent,5,GB,265
2025-Q1,sent,6,RS,184
2025-Q1,sent,7,NG,124
2025-Q1,received,,EU,652
2025-Q1,received,1,FR,472
2025-Q1,received,2,CH,294
2025-Q1,received,3,LU,180
2025-Q1,received,4,GB,128
2025-Q1,received,5,US,122
2025-Q1,received,6,KE,116
2025-Q2,sent,,EU,2864
2025-Q2,sent,1,FR,2200
2025-Q2,sent,2,US,1208
2025-Q2,sent,3,DE,558
2025-Q2,sent,4,IN,281
2025-Q2,sent,5,ID,278
2025-Q2,sent,6,EG,269
2025-Q2,sent,7,RS,268
2025-Q2,sent,8,CH,254
2025-Q2,sent,9,IT,106
2025-Q2,received,,EU,978
2025-Q2,received,1,FR,414
2025-Q2,received,2,LU,291
2025-Q2,received,3,BR,277
2025-Q2,received,4,NL,273
2025-Q2,received,5,US,181
2025-Q2,received,6,CA,114
2025-Q3,sent,1,US,2137
2025-Q3,sent,,EU,1639
2025-Q3,sent,2,FR,1128
2025-Q3,sent,3,DE,511
2025-Q3,sent,4,EG,329
2025-Q3,sent,5,IN,251
2025-Q3,sent,6,RS,223
2025-Q3,sent,7,JO,185
2025-Q3,sent,8,IQ,180
2025-Q3,sent,9,CA,152
2025-Q3,sent,10,IL,148
2025-Q3,sent,11,GB,142
2025-Q3,sent,12,CH,116
2025-Q3,received,,EU,668
2025-Q3,received,1,BR,429
2025-Q3,received,2,FR,397
2025-Q3,received,3,US,271
2025-Q3,received,4,LU,169
2025-Q3,received,5,IN,137
2025-Q3,received,6,NL,102
2025-Q4,sent,1,US,2468
2025-Q4,sent,,EU,2419
2025-Q4,sent,2,FR,1501
2025-Q4,sent,3,DE,697
2025-Q4,sent,4,JO,668
2025-Q4,sent,5,GB,239
2025-Q4,sent,6,NL,221
2025-Q4,sent,7,RS,220
2025-Q4,sent,8,IN,217
2025-Q4,sent,9,EG,133
2025-Q4,sent,10,CA,110
2025-Q4,received,,EU,1222
2025-Q4,received,1,LU,491
2025-Q4,received,2,FR,432
2025-Q4,received,3,GB,410
2025-Q4,received,4,CA,398
2025-Q4,received,5,US,338
2025-Q4,received,6,IN,226
2025-Q4,received,7,VE,204
2025-Q4,received,8,DE,191
2025-Q4,received,9,BR,113
2025-Q4,received,10,NL,108
2026-Q1,sent,1,US,2612
2026-Q1,sent,,EU,2181
2026-Q1,sent,2,FR,1232
2026-Q1,sent,3,DE,791
2026-Q1,sent,4,JO,608
2026-Q1,sent,5,GB,504
2026-Q1,sent,6,IN,359
2026-Q1,sent,7,CH,242
2026-Q1,sent,8,CA,198
2026-Q1,sent,9,RU,179
2026-Q1,sent,10,EG,174
2026-Q1,sent,11,NL,158
2026-Q1,received,,EU,1587
2026-Q1,received,1,FR,809
2026-Q1,received,2,BR,800
2026-Q1,received,3,LU,432
2026-Q1,received,4,US,307
2026-Q1,received,5,AE,299
2026-Q1,received,6,ES,242
2026-Q1,received,7,EG,201
2026-Q1,received,8,GB,181
2026-Q1,received,9,VE,110
2026-Q1,received,10,NL,104
