group,quarter,members,economies,median_accounts,median_yoy,median_since_2020,median_pushes_per_account,median_pushes_per_account_4q,median_repos_per_account,median_orgs_per_account,median_accounts_per_million,median_topics
north_africa,2020-Q1,7,DZ EG LY MA MR SD TN,88631,,0,0.59789,,1.272884,0.104658,1935.667673,0
north_africa,2020-Q2,7,DZ EG LY MA MR SD TN,96518,,0.130301,0.615154,,1.271358,0.097345,2184.722639,0
north_africa,2020-Q3,7,DZ EG LY MA MR SD TN,102800,,0.229479,0.57984,,1.276625,0.090818,2379.851533,0
north_africa,2020-Q4,7,DZ EG LY MA MR SD TN,113249,,0.365151,0.580796,0.632309,1.271438,0.085873,2580.904285,0
north_africa,2021-Q1,7,DZ EG LY MA MR SD TN,123955,0.502904,0.502904,0.587038,0.585497,1.314654,0.080053,2798.421564,2
north_africa,2021-Q2,7,DZ EG LY MA MR SD TN,133148,0.44522,0.633534,0.646749,0.584109,1.357246,0.078089,3056.984215,2
north_africa,2021-Q3,7,DZ EG LY MA MR SD TN,141516,0.436565,0.767123,0.496615,0.548009,1.410251,0.073773,3311.351678,2
north_africa,2021-Q4,7,DZ EG LY MA MR SD TN,152080,0.388361,0.916603,0.417315,0.494952,1.435253,0.070726,3563.695333,2
north_africa,2022-Q1,7,DZ EG LY MA MR SD TN,165393,0.370164,1.082107,0.628773,0.512457,1.462321,0.067476,3834.29543,2
north_africa,2022-Q2,7,DZ EG LY MA MR SD TN,174269,0.342852,1.208992,0.604809,0.512157,1.492582,0.065519,4072.43026,2
north_africa,2022-Q3,7,DZ EG LY MA MR SD TN,182535,0.331583,1.403542,0.730756,0.571239,1.515137,0.061809,4328.842614,2
north_africa,2022-Q4,7,DZ EG LY MA MR SD TN,193939,0.357369,1.610808,0.87914,0.827777,1.53885,0.058176,4624.887889,2
north_africa,2023-Q1,7,DZ EG LY MA MR SD TN,208372,0.344399,1.799183,1.262526,1.164742,1.557374,0.055943,5020.66899,2
north_africa,2023-Q2,7,DZ EG LY MA MR SD TN,220399,0.360007,1.956947,0.769402,1.086993,1.579295,0.0519,5415.227373,2
north_africa,2023-Q3,7,DZ EG LY MA MR SD TN,231523,0.340526,2.147319,1.012513,1.239325,1.610486,0.051012,5766.4636,2
north_africa,2023-Q4,7,DZ EG LY MA MR SD TN,245586,0.31874,2.357298,1.243817,1.253466,1.577347,0.049738,6149.97536,2
north_africa,2024-Q1,7,DZ EG LY MA MR SD TN,260464,0.297672,2.610302,0.798685,1.213963,1.612096,0.047489,6604.657728,2
north_africa,2024-Q2,7,DZ EG LY MA MR SD TN,272555,0.275146,2.785295,0.85754,1.209607,1.640608,0.045851,6982.245632,2
north_africa,2024-Q3,7,DZ EG LY MA MR SD TN,283326,0.249927,2.933921,0.855235,0.773647,1.69811,0.044928,7310.524278,2
north_africa,2024-Q4,7,DZ EG LY MA MR SD TN,298164,0.259274,3.166097,0.917184,0.860369,1.680354,0.043927,7744.504769,2
north_africa,2025-Q1,7,DZ EG LY MA MR SD TN,316372,0.256216,3.444261,0.875013,0.877246,1.642894,0.042489,8296.878073,2
north_africa,2025-Q2,7,DZ EG LY MA MR SD TN,333356,0.276656,3.732236,1.059417,0.934329,1.638823,0.039132,8913.928931,2
north_africa,2025-Q3,7,DZ EG LY MA MR SD TN,357283,0.348407,4.130705,0.930193,0.948237,1.572575,0.037152,9862.273068,2
north_africa,2025-Q4,7,DZ EG LY MA MR SD TN,389842,0.410822,4.803625,1.253457,1.048355,1.499298,0.03349,11233.888374,2
north_africa,2026-Q1,7,DZ EG LY MA MR SD TN,420582,0.440171,5.392903,1.336881,1.166945,1.523285,0.031541,12374.536506,3
core_peers,2020-Q1,6,MA TN EG NG KE ZA,158023,,0,1.266558,,1.944662,0.092111,2565.913476,0
core_peers,2020-Q2,6,MA TN EG NG KE ZA,182099,,0.121213,1.353474,,1.934676,0.086092,2877.429164,0.5
core_peers,2020-Q3,6,MA TN EG NG KE ZA,203305.5,,0.219782,1.145348,,1.901548,0.082997,3162.807313,0.5
core_peers,2020-Q4,6,MA TN EG NG KE ZA,223672.5,,0.329437,1.155136,1.225259,1.922328,0.079077,3415.347711,0
core_peers,2021-Q1,6,MA TN EG NG KE ZA,246038.5,0.447982,0.447982,1.189122,1.198171,1.960866,0.076589,3689.818788,2.5
core_peers,2021-Q2,6,MA TN EG NG KE ZA,264881,0.404355,0.570804,1.266315,1.179831,2.023171,0.07483,3974.379128,3
core_peers,2021-Q3,6,MA TN EG NG KE ZA,283467.5,0.399188,0.691056,1.112172,1.167177,2.068269,0.072064,4272.926729,5.5
core_peers,2021-Q4,6,MA TN EG NG KE ZA,301936.5,0.367965,0.819038,1.124024,1.168089,2.106867,0.069395,4564.237534,5.5
core_peers,2022-Q1,6,MA TN EG NG KE ZA,325646,0.376221,0.992341,1.125646,1.149896,2.110834,0.065461,4924.113979,7
core_peers,2022-Q2,6,MA TN EG NG KE ZA,348490,0.361077,1.15119,1.324988,1.162688,2.1379,0.061731,5286.28336,9
core_peers,2022-Q3,6,MA TN EG NG KE ZA,371231.5,0.357006,1.320572,1.427108,1.196395,2.167306,0.058371,5685.436092,9.5
core_peers,2022-Q4,6,MA TN EG NG KE ZA,392219,0.349434,1.485503,1.362707,1.254927,2.192849,0.057228,6043.976249,9.5
core_peers,2023-Q1,6,MA TN EG NG KE ZA,428589.5,0.353312,1.760906,2.297826,1.520176,2.211767,0.055396,6531.219408,12
core_peers,2023-Q2,6,MA TN EG NG KE ZA,465234.5,0.360823,2.000893,2.122512,1.678828,2.221021,0.053558,7050.897088,10.5
core_peers,2023-Q3,6,MA TN EG NG KE ZA,494390,0.349897,2.212863,2.225369,1.939848,2.236951,0.052765,7523.474677,8.5
core_peers,2023-Q4,6,MA TN EG NG KE ZA,521316,0.335817,2.425223,1.634373,2.035309,2.262087,0.052385,7914.830829,8.5
core_peers,2024-Q1,6,MA TN EG NG KE ZA,558348,0.311857,2.690034,1.453509,1.837993,2.265997,0.051091,8423.319852,9.5
core_peers,2024-Q2,6,MA TN EG NG KE ZA,586877,0.277641,2.879968,1.244307,1.624219,2.291754,0.050324,8876.389938,9
core_peers,2024-Q3,6,MA TN EG NG KE ZA,612802,0.252137,3.067127,1.211467,1.364486,2.333182,0.049948,9339.060497,8
core_peers,2024-Q4,6,MA TN EG NG KE ZA,644128,0.251353,3.325905,1.195905,1.243244,2.349513,0.049788,9852.959359,7.5
core_peers,2025-Q1,6,MA TN EG NG KE ZA,687259,0.248711,3.609198,1.072219,1.151864,2.337491,0.04901,10501.650264,8
core_peers,2025-Q2,6,MA TN EG NG KE ZA,741073,0.279759,3.922001,1.315628,1.176484,2.35257,0.047919,11353.76432,8
core_peers,2025-Q3,6,MA TN EG NG KE ZA,809856,0.342284,4.397231,1.320611,1.207197,2.299737,0.045944,12529.931817,8
core_peers,2025-Q4,6,MA TN EG NG KE ZA,892299,0.39164,5.051993,1.390502,1.260081,2.230485,0.043643,13759.058168,8.5
core_peers,2026-Q1,6,MA TN EG NG KE ZA,982701.5,0.430054,5.617364,1.47842,1.367523,2.189271,0.043013,15048.214057,15.5
africa,2021-Q1,10,DZ EG ET GH KE MA NG TN UG ZA,130338,0.466135,0.466135,1.125173,1.108856,1.960866,0.08022,2511.034669,2
africa,2021-Q2,10,DZ EG ET GH KE MA NG TN UG ZA,141691.5,0.414225,0.598227,1.277882,1.094698,2.023171,0.07786,2731.064713,2
africa,2021-Q3,12,CM DZ EG ET GH KE MA NG TN TZ UG ZA,145336.5,0.385356,0.724787,1.171662,1.134407,2.068269,0.076902,2383.502647,2
africa,2021-Q4,13,CI CM DZ EG ET GH KE MA NG TN TZ UG ZA,152080,0.373113,0.841068,1.169322,1.139222,1.989707,0.07428,2339.332754,2
africa,2022-Q1,14,CI CM DZ EG ET GH KE MA NG SN TN TZ UG ZA,127797.5,0.384286,0.985809,1.1824,1.172509,2.110519,0.070426,2240.366415,2
africa,2022-Q2,15,CI CM DZ EG ET GH KE MA NG SN TN TZ UG ZA ZW,98686,0.36556,1.13077,1.333731,1.163831,2.103708,0.066607,2189.790161,2
africa,2022-Q3,15,CI CM DZ EG ET GH KE MA NG SN TN TZ UG ZA ZW,108077,0.351548,1.258008,1.504997,1.196754,2.177134,0.063856,2521.477677,2
africa,2022-Q4,16,CI CM DZ EG ET GH KE MA NG SD SN TN TZ UG ZA ZW,97886.5,0.346028,1.440107,1.421165,1.258916,2.175348,0.061021,2294.140947,2
africa,2023-Q1,18,CI CM DZ EG ET GH KE MA MG MU NG SD SN TN TZ UG ZA ZW,69270,0.337624,1.671013,2.003393,1.487635,2.09664,0.059587,2498.455007,2
africa,2023-Q2,20,CI CM DZ EG ET GH KE LY MA MG MU NG RW SD SN TN TZ UG ZA ZW,55545.5,0.32888,1.901135,1.704105,1.620871,2.046429,0.056569,2697.750874,2
africa,2023-Q3,21,BJ CI CM DZ EG ET GH KE LY MA MG MU NG RW SD SN TN TZ UG ZA ZW,58914,0.332103,2.147319,1.81843,1.703328,2.087557,0.056009,2183.969749,2
africa,2023-Q4,22,AO BJ CI CM DZ EG ET GH KE LY MA MG MU NG RW SD SN TN TZ UG ZA ZW,57123,0.318451,2.400371,1.341195,1.531362,2.073678,0.055251,2309.038587,2
africa,2024-Q1,24,AO BJ CI CM DZ EG ET GH KE LY MA MG MU NG RW SD SN SO TN TZ UG ZA ZM ZW,54707.5,0.31224,2.711777,1.083778,1.220789,1.969705,0.051842,2413.430379,2
africa,2024-Q2,24,AO BJ CI CM DZ EG ET GH KE LY MA MG MU NG RW SD SN SO TN TZ UG ZA ZM ZW,59334.5,0.291,2.940306,1.09107,1.212644,1.988882,0.051189,2573.164959,2
africa,2024-Q3,25,AO BJ CD CI CM DZ EG ET GH KE LY MA MG MU NG RW SD SN SO TN TZ UG ZA ZM ZW,61348,0.28893,3.200333,1.019484,1.097095,2.108038,0.0507,2715.671473,2
africa,2024-Q4,25,AO BJ CD CI CM DZ EG ET GH KE LY MA MG MU NG RW SD SN SO TN TZ UG ZA ZM ZW,65786,0.30005,3.51463,0.979137,1.060445,2.046316,0.050132,2900.5968,2
africa,2025-Q1,26,AO BJ CD CI CM DZ EG ET GH KE LY MA MG MU MZ NG RW SD SN SO TN TZ UG ZA ZM ZW,67014.5,0.33383,3.844121,1.022351,1.013282,1.988006,0.050282,3051.218151,2
africa,2025-Q2,27,AO BJ CD CI CM DZ EG ET GH KE LY MA MG MU MZ NG RW SD SN SO TG TN TZ UG ZA ZM ZW,66599,0.376803,4.444328,1.363424,1.093699,1.936793,0.050181,3324.749006,2
africa,2025-Q3,27,AO BJ CD CI CM DZ EG ET GH KE LY MA MG MU MZ NG RW SD SN SO TG TN TZ UG ZA ZM ZW,74825,0.467646,5.199989,1.291465,1.16126,1.872893,0.047604,3778.162815,2
africa,2025-Q4,27,AO BJ CD CI CM DZ EG ET GH KE LY MA MG MU MZ NG RW SD SN SO TG TN TZ UG ZA ZM ZW,82190,0.532006,5.984684,1.394762,1.267557,1.821429,0.045117,4187.798677,0
africa,2026-Q1,29,AO BJ BW CD CI CM DZ EG ET GH KE LY MA MG MU MW MZ NG RW SD SN SO TG TN TZ UG ZA ZM ZW,87857,0.564515,6.714229,1.693624,1.447078,1.754036,0.04278,4704.697341,0
algeria_and_peers,2020-Q1,7,DZ MA TN EG NG KE ZA,142405,,0,1.188576,,1.828432,0.0942,2000.160604,0
algeria_and_peers,2020-Q2,7,DZ MA TN EG NG KE ZA,161134,,0.128666,1.351035,,1.817221,0.089517,2279.100514,0
algeria_and_peers,2020-Q3,7,DZ MA TN EG NG KE ZA,174167,,0.22304,1.083356,,1.839611,0.087597,2515.866149,0
algeria_and_peers,2020-Q4,7,DZ MA TN EG NG KE ZA,192213,,0.333341,0.98967,1.176922,1.890516,0.083241,2785.014395,0
algeria_and_peers,2021-Q1,7,DZ MA TN EG NG KE ZA,211693,0.445714,0.445714,1.040441,1.11779,1.948645,0.080053,3049.203447,2
algeria_and_peers,2021-Q2,7,DZ MA TN EG NG KE ZA,230292,0.399255,0.579292,1.141217,1.065131,1.974108,0.076952,3323.547443,2
algeria_and_peers,2021-Q3,7,DZ MA TN EG NG KE ZA,247624,0.391411,0.710703,1.093558,1.052974,1.975857,0.073773,3614.205245,4
algeria_and_peers,2021-Q4,7,DZ MA TN EG NG KE ZA,266861,0.380793,0.841068,0.951966,1.038851,1.989707,0.070726,3923.441019,4
algeria_and_peers,2022-Q1,7,DZ MA TN EG NG KE ZA,289130,0.370164,0.980865,1.055957,1.040257,1.973247,0.066502,4254.760837,4
algeria_and_peers,2022-Q2,7,DZ MA TN EG NG KE ZA,309248,0.342852,1.13077,1.319035,1.101136,1.988026,0.062101,4584.179772,5
algeria_and_peers,2022-Q3,7,DZ MA TN EG NG KE ZA,329732,0.331583,1.315452,1.335435,1.196035,1.99975,0.05972,4996.384308,5
algeria_and_peers,2022-Q4,7,DZ MA TN EG NG KE ZA,352152,0.319608,1.472891,1.248961,1.248269,2.011953,0.058447,5411.444393,5
algeria_and_peers,2023-Q1,7,DZ MA TN EG NG KE ZA,387675,0.340833,1.722341,2.094487,1.477146,2.053373,0.056437,5811.111544,8
algeria_and_peers,2023-Q2,7,DZ MA TN EG NG KE ZA,421084,0.360007,1.956947,1.807603,1.64299,2.061592,0.054704,6234.518622,6
algeria_and_peers,2023-Q3,7,DZ MA TN EG NG KE ZA,448194,0.340526,2.147319,2.19255,1.81787,2.087557,0.052213,6697.78512,6
algeria_and_peers,2023-Q4,7,DZ MA TN EG NG KE ZA,478096,0.329757,2.357298,1.529369,1.857601,2.096682,0.051442,7110.597938,7
algeria_and_peers,2024-Q1,7,DZ MA TN EG NG KE ZA,514125,0.315494,2.610302,1.38584,1.714058,2.11753,0.050421,7540.138534,8
algeria_and_peers,2024-Q2,7,DZ MA TN EG NG KE ZA,539045,0.280137,2.785295,1.176544,1.613263,2.155661,0.049512,7949.918387,6
algeria_and_peers,2024-Q3,7,DZ MA TN EG NG KE ZA,560210,0.254346,2.933921,1.066218,1.303323,2.203476,0.049401,8401.340267,4
algeria_and_peers,2024-Q4,7,DZ MA TN EG NG KE ZA,593273,0.259274,3.166097,1.142649,1.155543,2.211727,0.049572,8972.146097,5
algeria_and_peers,2025-Q1,7,DZ MA TN EG NG KE ZA,632885,0.256216,3.444261,1.019822,1.077041,2.207127,0.048931,9549.034754,5
algeria_and_peers,2025-Q2,7,DZ MA TN EG NG KE ZA,673894,0.276656,3.732236,1.258553,1.135065,2.220043,0.047553,10224.355399,6
algeria_and_peers,2025-Q3,7,DZ MA TN EG NG KE ZA,730638,0.348407,4.130705,1.200006,1.16126,2.175069,0.045662,11328.422492,6
algeria_and_peers,2025-Q4,7,DZ MA TN EG NG KE ZA,822452,0.396983,4.803625,1.386241,1.207664,2.087223,0.043104,12658.103368,8
algeria_and_peers,2026-Q1,7,DZ MA TN EG NG KE ZA,906406,0.432181,5.392903,1.386281,1.287967,2.051602,0.04278,13740.58487,13
