quarter,rank,language,language_type,pushers
2020-Q1,1,HTML,markup,1438
2020-Q1,2,JavaScript,programming,1188
2020-Q1,3,CSS,markup,1176
2020-Q1,4,Java,programming,578
2020-Q1,5,Python,programming,546
2020-Q1,6,PHP,programming,426
2020-Q1,7,Shell,programming,317
2020-Q1,8,Vue,markup,225
2020-Q1,9,Dockerfile,programming,197
2020-Q1,10,TypeScript,programming,195
2020-Q1,11,Objective-C,programming,155
2020-Q1,12,C,programming,152
2020-Q1,13,Ruby,programming,145
2020-Q1,14,C++,programming,144
2020-Q1,15,Kotlin,programming,132
2020-Q1,16,TSQL,programming,123
2020-Q1,17,Jupyter Notebook,markup,120
2020-Q1,18,Dart,programming,109
2020-Q1,19,Batchfile,programming,103
2020-Q1,20,Makefile,programming,102
2020-Q2,1,HTML,markup,2057
2020-Q2,2,JavaScript,programming,1374
2020-Q2,3,CSS,markup,1352
2020-Q2,4,Python,programming,771
2020-Q2,5,Shell,programming,712
2020-Q2,6,Java,programming,565
2020-Q2,7,Ruby,programming,483
2020-Q2,8,PHP,programming,432
2020-Q2,9,Objective-C,programming,221
2020-Q2,10,Kotlin,programming,214
2020-Q2,11,Vue,markup,213
2020-Q2,12,Jupyter Notebook,markup,180
2020-Q2,13,TypeScript,programming,177
2020-Q2,14,C,programming,172
2020-Q2,15,C++,programming,169
2020-Q2,16,Dart,programming,162
2020-Q2,17,Dockerfile,programming,146
2020-Q2,18,Swift,programming,146
2020-Q2,19,C#,programming,127
2020-Q2,20,Makefile,programming,119
2020-Q2,21,TSQL,programming,119
2020-Q2,22,Batchfile,programming,111
2020-Q3,1,HTML,markup,1959
2020-Q3,2,JavaScript,programming,1470
2020-Q3,3,CSS,markup,1433
2020-Q3,4,Python,programming,727
2020-Q3,5,Shell,programming,688
2020-Q3,6,Java,programming,493
2020-Q3,7,PHP,programming,458
2020-Q3,8,Ruby,programming,364
2020-Q3,9,Vue,markup,204
2020-Q3,10,Objective-C,programming,200
2020-Q3,11,Kotlin,programming,167
2020-Q3,12,TypeScript,programming,160
2020-Q3,13,SCSS,markup,159
2020-Q3,14,Jupyter Notebook,markup,154
2020-Q3,15,Dockerfile,programming,149
2020-Q3,16,C,programming,147
2020-Q3,17,C++,programming,145
2020-Q3,18,Dart,programming,139
2020-Q3,19,Makefile,programming,122
2020-Q3,20,Batchfile,programming,114
2020-Q3,21,Swift,programming,113
2020-Q4,1,HTML,markup,2034
2020-Q4,2,JavaScript,programming,1449
2020-Q4,3,CSS,markup,1385
2020-Q4,4,Shell,programming,914
2020-Q4,5,Python,programming,732
2020-Q4,6,Java,programming,504
2020-Q4,7,Ruby,programming,455
2020-Q4,8,PHP,programming,428
2020-Q4,9,SCSS,markup,424
2020-Q4,10,Jupyter Notebook,markup,245
2020-Q4,11,Objective-C,programming,239
2020-Q4,12,C,programming,214
2020-Q4,13,Kotlin,programming,213
2020-Q4,14,C++,programming,211
2020-Q4,15,TypeScript,programming,201
2020-Q4,16,Vue,markup,185
2020-Q4,17,Blade,markup,179
2020-Q4,18,Dart,programming,178
2020-Q4,19,Swift,programming,176
2020-Q4,20,Dockerfile,programming,146
2020-Q4,21,Batchfile,programming,136
2020-Q4,22,C#,programming,120
2020-Q4,23,Makefile,programming,112
2021-Q1,1,HTML,markup,2046
2021-Q1,2,JavaScript,programming,1362
2021-Q1,3,CSS,markup,1296
2021-Q1,4,Shell,programming,931
2021-Q1,5,Python,programming,713
2021-Q1,6,Java,programming,486
2021-Q1,7,Ruby,programming,468
2021-Q1,8,PHP,programming,417
2021-Q1,9,SCSS,markup,382
2021-Q1,10,C,programming,210
2021-Q1,11,TypeScript,programming,202
2021-Q1,12,Objective-C,programming,185
2021-Q1,13,Kotlin,programming,178
2021-Q1,14,C++,programming,171
2021-Q1,15,Jupyter Notebook,markup,167
2021-Q1,16,Blade,markup,154
2021-Q1,17,Batchfile,programming,148
2021-Q1,18,Dart,programming,148
2021-Q1,19,Dockerfile,programming,148
2021-Q1,20,Makefile,programming,143
2021-Q1,21,Swift,programming,143
2021-Q1,22,Vue,markup,132
2021-Q2,1,HTML,markup,2360
2021-Q2,2,JavaScript,programming,1619
2021-Q2,3,CSS,markup,1563
2021-Q2,4,Shell,programming,1109
2021-Q2,5,Python,programming,790
2021-Q2,6,Ruby,programming,545
2021-Q2,7,Java,programming,524
2021-Q2,8,PHP,programming,447
2021-Q2,9,SCSS,markup,362
2021-Q2,10,Kotlin,programming,268
2021-Q2,11,TypeScript,programming,267
2021-Q2,12,Objective-C,programming,235
2021-Q2,13,C,programming,207
2021-Q2,14,Dart,programming,206
2021-Q2,15,Dockerfile,programming,200
2021-Q2,16,Swift,programming,195
2021-Q2,17,Batchfile,programming,194
2021-Q2,18,C++,programming,190
2021-Q2,19,Jupyter Notebook,markup,188
2021-Q2,20,Vue,markup,187
2021-Q2,21,Blade,markup,185
2021-Q2,22,PowerShell,programming,144
2021-Q2,23,Makefile,programming,132
2021-Q2,24,C#,programming,104
2021-Q3,1,HTML,markup,2423
2021-Q3,2,CSS,markup,1897
2021-Q3,3,JavaScript,programming,1842
2021-Q3,4,Shell,programming,901
2021-Q3,5,Python,programming,887
2021-Q3,6,PHP,programming,468
2021-Q3,7,Java,programming,458
2021-Q3,8,SCSS,markup,451
2021-Q3,9,TypeScript,programming,323
2021-Q3,10,Ruby,programming,285
2021-Q3,11,Batchfile,programming,274
2021-Q3,12,Objective-C,programming,268
2021-Q3,13,Kotlin,programming,262
2021-Q3,14,C,programming,259
2021-Q3,15,Jupyter Notebook,markup,250
2021-Q3,16,Dockerfile,programming,237
2021-Q3,17,C++,programming,235
2021-Q3,18,Dart,programming,208
2021-Q3,19,Swift,programming,188
2021-Q3,20,Makefile,programming,174
2021-Q3,21,Vue,markup,164
2021-Q3,22,PowerShell,programming,162
2021-Q3,23,Blade,markup,160
2021-Q3,24,C#,programming,127
2021-Q3,25,Hack,programming,111
2021-Q4,1,HTML,markup,2319
2021-Q4,2,CSS,markup,1899
2021-Q4,3,JavaScript,programming,1868
2021-Q4,4,Python,programming,943
2021-Q4,5,Shell,programming,777
2021-Q4,6,Java,programming,520
2021-Q4,7,PHP,programming,469
2021-Q4,8,SCSS,markup,461
2021-Q4,9,TypeScript,programming,404
2021-Q4,10,C,programming,297
2021-Q4,11,Jupyter Notebook,markup,279
2021-Q4,12,C++,programming,260
2021-Q4,13,Kotlin,programming,237
2021-Q4,14,Dockerfile,programming,231
2021-Q4,15,Objective-C,programming,228
2021-Q4,16,Dart,programming,215
2021-Q4,17,Ruby,programming,205
2021-Q4,18,Batchfile,programming,199
2021-Q4,19,Swift,programming,199
2021-Q4,20,Vue,markup,183
2021-Q4,21,Makefile,programming,179
2021-Q4,22,Blade,markup,171
2021-Q4,23,C#,programming,153
2021-Q4,24,Hack,programming,107
2022-Q1,1,HTML,markup,2684
2022-Q1,2,JavaScript,programming,2268
2022-Q1,3,CSS,markup,2229
2022-Q1,4,Python,programming,961
2022-Q1,5,Shell,programming,879
2022-Q1,6,Java,programming,567
2022-Q1,7,PHP,programming,497
2022-Q1,8,SCSS,markup,441
2022-Q1,9,TypeScript,programming,370
2022-Q1,10,C,programming,361
2022-Q1,11,Jupyter Notebook,markup,311
2022-Q1,12,Objective-C,programming,302
2022-Q1,13,Kotlin,programming,299
2022-Q1,14,C++,programming,276
2022-Q1,15,Dart,programming,266
2022-Q1,16,Swift,programming,260
2022-Q1,17,Dockerfile,programming,234
2022-Q1,18,Ruby,programming,200
2022-Q1,19,Blade,markup,188
2022-Q1,20,Vue,markup,172
2022-Q1,21,Batchfile,programming,170
2022-Q1,22,Makefile,programming,159
2022-Q1,23,CMake,programming,144
2022-Q1,24,C#,programming,121
2022-Q1,25,Hack,programming,103
2022-Q2,1,HTML,markup,2926
2022-Q2,2,JavaScript,programming,2584
2022-Q2,3,CSS,markup,2509
2022-Q2,4,Python,programming,1092
2022-Q2,5,Shell,programming,917
2022-Q2,6,Java,programming,639
2022-Q2,7,PHP,programming,629
2022-Q2,8,SCSS,markup,530
2022-Q2,9,C,programming,423
2022-Q2,10,Kotlin,programming,402
2022-Q2,11,TypeScript,programming,402
2022-Q2,12,C++,programming,397
2022-Q2,13,Jupyter Notebook,markup,374
2022-Q2,14,Objective-C,programming,362
2022-Q2,15,Dart,programming,355
2022-Q2,16,Swift,programming,334
2022-Q2,17,Dockerfile,programming,262
2022-Q2,18,Blade,markup,235
2022-Q2,19,CMake,programming,231
2022-Q2,20,Procfile,programming,199
2022-Q2,21,Ruby,programming,187
2022-Q2,22,Makefile,programming,186
2022-Q2,23,Batchfile,programming,174
2022-Q2,24,Vue,markup,172
2022-Q2,25,C#,programming,147
2022-Q2,26,Hack,programming,147
2022-Q3,1,HTML,markup,3014
2022-Q3,2,CSS,markup,2610
2022-Q3,3,JavaScript,programming,2479
2022-Q3,4,Python,programming,1005
2022-Q3,5,Shell,programming,923
2022-Q3,6,SCSS,markup,566
2022-Q3,7,TypeScript,programming,495
2022-Q3,8,PHP,programming,473
2022-Q3,9,Java,programming,409
2022-Q3,10,Jupyter Notebook,markup,369
2022-Q3,11,C,programming,340
2022-Q3,12,C++,programming,317
2022-Q3,13,Kotlin,programming,314
2022-Q3,14,Objective-C,programming,291
2022-Q3,15,Dart,programming,277
2022-Q3,16,Swift,programming,259
2022-Q3,17,Dockerfile,programming,257
2022-Q3,18,Procfile,programming,195
2022-Q3,19,CMake,programming,191
2022-Q3,20,Blade,markup,190
2022-Q3,21,Vue,markup,170
2022-Q3,22,Makefile,programming,164
2022-Q3,23,Batchfile,programming,150
2022-Q3,24,Ruby,programming,144
2022-Q3,25,C#,programming,130
2022-Q4,1,HTML,markup,3284
2022-Q4,2,CSS,markup,2929
2022-Q4,3,JavaScript,programming,2818
2022-Q4,4,Python,programming,1214
2022-Q4,5,Shell,programming,967
2022-Q4,6,Java,programming,579
2022-Q4,7,SCSS,markup,573
2022-Q4,8,TypeScript,programming,557
2022-Q4,9,PHP,programming,545
2022-Q4,10,C,programming,526
2022-Q4,11,Jupyter Notebook,markup,456
2022-Q4,12,C++,programming,448
2022-Q4,13,Kotlin,programming,349
2022-Q4,14,Objective-C,programming,313
2022-Q4,15,Dockerfile,programming,306
2022-Q4,16,Dart,programming,304
2022-Q4,17,Swift,programming,282
2022-Q4,18,CMake,programming,244
2022-Q4,19,Makefile,programming,191
2022-Q4,20,Blade,markup,188
2022-Q4,21,Batchfile,programming,179
2022-Q4,22,Ruby,programming,179
2022-Q4,23,Procfile,programming,169
2022-Q4,24,Vue,markup,166
2022-Q4,25,Hack,programming,141
2022-Q4,26,C#,programming,128
2022-Q4,27,EJS,markup,101
2023-Q1,1,HTML,markup,3927
2023-Q1,2,CSS,markup,3488
2023-Q1,3,JavaScript,programming,3329
2023-Q1,4,Python,programming,1417
2023-Q1,5,Shell,programming,1111
2023-Q1,6,Java,programming,745
2023-Q1,7,C,programming,685
2023-Q1,8,TypeScript,programming,636
2023-Q1,9,PHP,programming,618
2023-Q1,10,SCSS,markup,615
2023-Q1,11,C++,programming,515
2023-Q1,12,Jupyter Notebook,markup,456
2023-Q1,13,Kotlin,programming,404
2023-Q1,14,Objective-C,programming,378
2023-Q1,15,Dart,programming,355
2023-Q1,16,Dockerfile,programming,342
2023-Q1,17,Swift,programming,340
2023-Q1,18,CMake,programming,323
2023-Q1,19,Blade,markup,244
2023-Q1,20,Batchfile,programming,217
2023-Q1,21,Makefile,programming,217
2023-Q1,22,Vue,markup,182
2023-Q1,23,C#,programming,157
2023-Q1,24,Ruby,programming,155
2023-Q1,25,Hack,programming,138
2023-Q1,26,EJS,markup,119
2023-Q1,27,PowerShell,programming,116
2023-Q1,28,Procfile,programming,108
2023-Q2,1,HTML,markup,3943
2023-Q2,2,CSS,markup,3553
2023-Q2,3,JavaScript,programming,3365
2023-Q2,4,Python,programming,1430
2023-Q2,5,Java,programming,728
2023-Q2,6,PHP,programming,724
2023-Q2,7,TypeScript,programming,663
2023-Q2,8,C,programming,647
2023-Q2,9,Shell,programming,625
2023-Q2,10,SCSS,markup,610
2023-Q2,11,C++,programming,529
2023-Q2,12,Kotlin,programming,468
2023-Q2,13,Objective-C,programming,412
2023-Q2,14,Dart,programming,411
2023-Q2,15,Jupyter Notebook,markup,401
2023-Q2,16,Swift,programming,388
2023-Q2,17,CMake,programming,375
2023-Q2,18,Dockerfile,programming,341
2023-Q2,19,Blade,markup,241
2023-Q2,20,Hack,programming,232
2023-Q2,21,Batchfile,programming,201
2023-Q2,22,Makefile,programming,197
2023-Q2,23,Vue,markup,164
2023-Q2,24,Ruby,programming,150
2023-Q2,25,C#,programming,130
2023-Q2,26,PowerShell,programming,106
2023-Q2,27,Procfile,programming,104
2023-Q3,1,HTML,markup,3732
2023-Q3,2,CSS,markup,3354
2023-Q3,3,JavaScript,programming,3238
2023-Q3,4,Python,programming,1279
2023-Q3,5,Shell,programming,815
2023-Q3,6,TypeScript,programming,790
2023-Q3,7,C,programming,637
2023-Q3,8,SCSS,markup,523
2023-Q3,9,PHP,programming,508
2023-Q3,10,C++,programming,447
2023-Q3,11,Java,programming,426
2023-Q3,12,Jupyter Notebook,markup,388
2023-Q3,13,Kotlin,programming,371
2023-Q3,14,Dockerfile,programming,349
2023-Q3,15,Objective-C,programming,340
2023-Q3,16,Dart,programming,322
2023-Q3,17,Swift,programming,318
2023-Q3,18,CMake,programming,305
2023-Q3,19,Makefile,programming,225
2023-Q3,20,Blade,markup,211
2023-Q3,21,Ruby,programming,167
2023-Q3,22,Batchfile,programming,166
2023-Q3,23,Vue,markup,166
2023-Q3,24,C#,programming,161
2023-Q3,25,Hack,programming,114
2023-Q3,26,Assembly,programming,108
2023-Q3,27,Lua,programming,105
2023-Q4,1,HTML,markup,3976
2023-Q4,2,CSS,markup,3617
2023-Q4,3,JavaScript,programming,3484
2023-Q4,4,Python,programming,1604
2023-Q4,5,TypeScript,programming,941
2023-Q4,6,C,programming,938
2023-Q4,7,Shell,programming,756
2023-Q4,8,Java,programming,628
2023-Q4,9,PHP,programming,602
2023-Q4,10,C++,programming,591
2023-Q4,11,SCSS,markup,550
2023-Q4,12,Jupyter Notebook,markup,486
2023-Q4,13,Kotlin,programming,447
2023-Q4,14,Dockerfile,programming,391
2023-Q4,15,Dart,programming,385
2023-Q4,16,Objective-C,programming,382
2023-Q4,17,CMake,programming,367
2023-Q4,18,Swift,programming,360
2023-Q4,19,Blade,markup,229
2023-Q4,20,Makefile,programming,224
2023-Q4,21,Ruby,programming,199
2023-Q4,22,Batchfile,programming,198
2023-Q4,23,Vue,markup,168
2023-Q4,24,Hack,programming,156
2023-Q4,25,Assembly,programming,144
2023-Q4,26,C#,programming,141
2023-Q4,27,PowerShell,programming,115
2024-Q1,1,HTML,markup,4536
2024-Q1,2,JavaScript,programming,4164
2024-Q1,3,CSS,markup,4157
2024-Q1,4,Python,programming,2002
2024-Q1,5,TypeScript,programming,1056
2024-Q1,6,C,programming,1050
2024-Q1,7,Shell,programming,760
2024-Q1,8,Java,programming,741
2024-Q1,9,PHP,programming,713
2024-Q1,10,C++,programming,650
2024-Q1,11,Jupyter Notebook,markup,572
2024-Q1,12,SCSS,markup,571
2024-Q1,13,Kotlin,programming,544
2024-Q1,14,Dockerfile,programming,536
2024-Q1,15,Objective-C,programming,489
2024-Q1,16,Dart,programming,472
2024-Q1,17,Swift,programming,444
2024-Q1,18,CMake,programming,443
2024-Q1,19,Makefile,programming,357
2024-Q1,20,Batchfile,programming,327
2024-Q1,21,Blade,markup,272
2024-Q1,22,Ruby,programming,214
2024-Q1,23,Vue,markup,198
2024-Q1,24,PowerShell,programming,182
2024-Q1,25,Hack,programming,174
2024-Q1,26,C#,programming,164
2024-Q1,27,EJS,markup,128
2024-Q1,28,Assembly,programming,123
2024-Q1,29,Lua,programming,108
2024-Q2,1,HTML,markup,4920
2024-Q2,2,JavaScript,programming,4596
2024-Q2,3,CSS,markup,4571
2024-Q2,4,Python,programming,2118
2024-Q2,5,TypeScript,programming,1164
2024-Q2,6,PHP,programming,952
2024-Q2,7,C,programming,891
2024-Q2,8,Java,programming,888
2024-Q2,9,C++,programming,736
2024-Q2,10,Shell,programming,732
2024-Q2,11,Kotlin,programming,683
2024-Q2,12,Jupyter Notebook,markup,608
2024-Q2,13,Objective-C,programming,568
2024-Q2,14,Dart,programming,561
2024-Q2,15,SCSS,markup,553
2024-Q2,16,Swift,programming,541
2024-Q2,17,CMake,programming,518
2024-Q2,18,Dockerfile,programming,417
2024-Q2,19,Blade,markup,321
2024-Q2,20,Hack,programming,262
2024-Q2,21,Makefile,programming,261
2024-Q2,22,Batchfile,programming,238
2024-Q2,23,Ruby,programming,223
2024-Q2,24,C#,programming,209
2024-Q2,25,Vue,markup,180
2024-Q2,26,PowerShell,programming,144
2024-Q2,27,EJS,markup,140
2024-Q2,28,Lua,programming,129
2024-Q2,29,Go,programming,109
2024-Q2,30,Assembly,programming,105
2024-Q2,31,Procfile,programming,105
2024-Q3,1,HTML,markup,4395
2024-Q3,2,JavaScript,programming,4111
2024-Q3,3,CSS,markup,4041
2024-Q3,4,Python,programming,1847
2024-Q3,5,TypeScript,programming,1278
2024-Q3,6,Shell,programming,758
2024-Q3,7,C,programming,666
2024-Q3,8,PHP,programming,602
2024-Q3,9,C++,programming,598
2024-Q3,10,SCSS,markup,578
2024-Q3,11,Jupyter Notebook,markup,510
2024-Q3,12,Kotlin,programming,478
2024-Q3,13,Dockerfile,programming,454
2024-Q3,14,Java,programming,421
2024-Q3,15,CMake,programming,403
2024-Q3,16,Objective-C,programming,389
2024-Q3,17,Dart,programming,379
2024-Q3,18,Swift,programming,371
2024-Q3,19,Makefile,programming,274
2024-Q3,20,Blade,markup,253
2024-Q3,21,Batchfile,programming,225
2024-Q3,22,Ruby,programming,217
2024-Q3,23,C#,programming,177
2024-Q3,24,Vue,markup,168
2024-Q3,25,PowerShell,programming,140
2024-Q3,26,Lua,programming,139
2024-Q3,27,Go,programming,130
2024-Q3,28,Hack,programming,121
2024-Q3,29,EJS,markup,116
2024-Q4,1,HTML,markup,5446
2024-Q4,2,CSS,markup,4919
2024-Q4,3,JavaScript,programming,4806
2024-Q4,4,Python,programming,2503
2024-Q4,5,TypeScript,programming,1538
2024-Q4,6,C,programming,1167
2024-Q4,7,Shell,programming,885
2024-Q4,8,PHP,programming,787
2024-Q4,9,Java,programming,749
2024-Q4,10,Jupyter Notebook,markup,735
2024-Q4,11,C++,programming,691
2024-Q4,12,Dockerfile,programming,563
2024-Q4,13,SCSS,markup,563
2024-Q4,14,Kotlin,programming,508
2024-Q4,15,CMake,programming,441
2024-Q4,16,Dart,programming,441
2024-Q4,17,Objective-C,programming,426
2024-Q4,18,Makefile,programming,414
2024-Q4,19,Swift,programming,413
2024-Q4,20,Blade,markup,306
2024-Q4,21,Batchfile,programming,294
2024-Q4,22,Vue,markup,197
2024-Q4,23,C#,programming,186
2024-Q4,24,Ruby,programming,186
2024-Q4,25,PowerShell,programming,165
2024-Q4,26,Hack,programming,144
2024-Q4,27,Lua,programming,142
2024-Q4,28,Go,programming,119
2024-Q4,29,EJS,markup,117
2025-Q1,1,HTML,markup,6634
2025-Q1,2,CSS,markup,5854
2025-Q1,3,JavaScript,programming,5794
2025-Q1,4,Python,programming,2837
2025-Q1,5,TypeScript,programming,2051
2025-Q1,6,C,programming,1235
2025-Q1,7,Shell,programming,910
2025-Q1,8,PHP,programming,907
2025-Q1,9,Java,programming,897
2025-Q1,10,C++,programming,807
2025-Q1,11,Kotlin,programming,763
2025-Q1,12,Jupyter Notebook,markup,748
2025-Q1,13,Dockerfile,programming,667
2025-Q1,14,SCSS,markup,558
2025-Q1,15,CMake,programming,554
2025-Q1,16,Dart,programming,540
2025-Q1,17,Objective-C,programming,517
2025-Q1,18,Swift,programming,513
2025-Q1,19,Batchfile,programming,369
2025-Q1,20,Makefile,programming,332
2025-Q1,21,Blade,markup,325
2025-Q1,22,PowerShell,programming,219
2025-Q1,23,C#,programming,215
2025-Q1,24,Ruby,programming,204
2025-Q1,25,Vue,markup,203
2025-Q1,26,Hack,programming,202
2025-Q1,27,Lua,programming,158
2025-Q1,28,Procfile,programming,132
2025-Q1,29,Go,programming,130
2025-Q1,30,EJS,markup,113
2025-Q1,31,Rust,programming,105
2025-Q2,1,HTML,markup,9382
2025-Q2,2,CSS,markup,7882
2025-Q2,3,JavaScript,programming,7874
2025-Q2,4,Python,programming,3885
2025-Q2,5,TypeScript,programming,2866
2025-Q2,6,C,programming,1398
2025-Q2,7,Java,programming,1338
2025-Q2,8,PHP,programming,1324
2025-Q2,9,Shell,programming,1231
2025-Q2,10,C++,programming,1151
2025-Q2,11,Kotlin,programming,1025
2025-Q2,12,Dockerfile,programming,945
2025-Q2,13,Jupyter Notebook,markup,935
2025-Q2,14,Dart,programming,840
2025-Q2,15,CMake,programming,771
2025-Q2,16,Swift,programming,762
2025-Q2,17,Objective-C,programming,753
2025-Q2,18,Batchfile,programming,562
2025-Q2,19,SCSS,markup,559
2025-Q2,20,Makefile,programming,405
2025-Q2,21,Blade,markup,381
2025-Q2,22,PowerShell,programming,341
2025-Q2,23,Hack,programming,334
2025-Q2,24,C#,programming,303
2025-Q2,25,Procfile,programming,243
2025-Q2,26,Ruby,programming,231
2025-Q2,27,Vue,markup,212
2025-Q2,28,Go,programming,194
2025-Q2,29,Lua,programming,188
2025-Q2,30,PLpgSQL,programming,167
2025-Q2,31,Assembly,programming,151
2025-Q2,32,EJS,markup,140
2025-Q2,33,Roff,markup,131
2025-Q2,34,Nix,programming,116
2025-Q2,35,Rust,programming,110
2025-Q2,36,Astro,markup,101
2025-Q3,1,HTML,markup,8594
2025-Q3,2,JavaScript,programming,7063
2025-Q3,3,CSS,markup,6834
2025-Q3,4,Python,programming,3588
2025-Q3,5,TypeScript,programming,2898
2025-Q3,6,Shell,programming,1323
2025-Q3,7,Dockerfile,programming,995
2025-Q3,8,C,programming,952
2025-Q3,9,PHP,programming,886
2025-Q3,10,C++,programming,878
2025-Q3,11,Jupyter Notebook,markup,761
2025-Q3,12,Kotlin,programming,692
2025-Q3,13,Java,programming,582
2025-Q3,14,CMake,programming,573
2025-Q3,15,Dart,programming,562
2025-Q3,16,Swift,programming,559
2025-Q3,17,Objective-C,programming,544
2025-Q3,18,SCSS,markup,478
2025-Q3,19,Batchfile,programming,443
2025-Q3,20,Makefile,programming,431
2025-Q3,21,Blade,markup,373
2025-Q3,22,Procfile,programming,300
2025-Q3,23,PowerShell,programming,253
2025-Q3,24,Vue,markup,245
2025-Q3,25,Ruby,programming,235
2025-Q3,26,PLpgSQL,programming,233
2025-Q3,27,C#,programming,226
2025-Q3,28,Go,programming,218
2025-Q3,29,Lua,programming,197
2025-Q3,30,Nix,programming,175
2025-Q3,31,Rust,programming,154
2025-Q3,32,Hack,programming,149
2025-Q3,33,Astro,markup,126
2025-Q3,34,Roff,markup,111
2025-Q4,1,HTML,markup,11227
2025-Q4,2,JavaScript,programming,8889
2025-Q4,3,CSS,markup,8650
2025-Q4,4,Python,programming,5789
2025-Q4,5,TypeScript,programming,3836
2025-Q4,6,Shell,programming,1803
2025-Q4,7,C,programming,1771
2025-Q4,8,Jupyter Notebook,markup,1575
2025-Q4,9,Java,programming,1508
2025-Q4,10,Dockerfile,programming,1471
2025-Q4,11,C++,programming,1264
2025-Q4,12,PHP,programming,1245
2025-Q4,13,Kotlin,programming,873
2025-Q4,14,CMake,programming,773
2025-Q4,15,Dart,programming,746
2025-Q4,16,Batchfile,programming,741
2025-Q4,17,Swift,programming,730
2025-Q4,18,Objective-C,programming,714
2025-Q4,19,Makefile,programming,543
2025-Q4,20,PowerShell,programming,528
2025-Q4,21,SCSS,markup,484
2025-Q4,22,Blade,markup,444
2025-Q4,23,PLpgSQL,programming,355
2025-Q4,24,C#,programming,304
2025-Q4,25,Procfile,programming,297
2025-Q4,26,Ruby,programming,248
2025-Q4,27,Go,programming,243
2025-Q4,28,Vue,markup,231
2025-Q4,29,Hack,programming,228
2025-Q4,30,Lua,programming,210
2025-Q4,31,Rust,programming,176
2025-Q4,32,Nix,programming,151
2025-Q4,33,TeX,markup,148
2025-Q4,34,Astro,markup,132
2025-Q4,35,Assembly,programming,131
2025-Q4,36,Roff,markup,131
2025-Q4,37,EJS,markup,108
2026-Q1,1,HTML,markup,13477
2026-Q1,2,JavaScript,programming,10221
2026-Q1,3,CSS,markup,9825
2026-Q1,4,Python,programming,6383
2026-Q1,5,TypeScript,programming,4682
2026-Q1,6,Shell,programming,2189
2026-Q1,7,Dockerfile,programming,1819
2026-Q1,8,C,programming,1582
2026-Q1,9,Jupyter Notebook,markup,1364
2026-Q1,10,PHP,programming,1317
2026-Q1,11,C++,programming,1283
2026-Q1,12,Java,programming,1176
2026-Q1,13,Kotlin,programming,1154
2026-Q1,14,Dart,programming,913
2026-Q1,15,CMake,programming,912
2026-Q1,16,Swift,programming,872
2026-Q1,17,Objective-C,programming,824
2026-Q1,18,Batchfile,programming,813
2026-Q1,19,PowerShell,programming,667
2026-Q1,20,PLpgSQL,programming,608
2026-Q1,21,Makefile,programming,579
2026-Q1,22,Blade,markup,456
2026-Q1,23,SCSS,markup,412
2026-Q1,24,Procfile,programming,403
2026-Q1,25,C#,programming,366
2026-Q1,26,Ruby,programming,298
2026-Q1,27,Go,programming,276
2026-Q1,28,Hack,programming,246
2026-Q1,29,Vue,markup,245
2026-Q1,30,Rust,programming,239
2026-Q1,31,Lua,programming,204
2026-Q1,32,Assembly,programming,189
2026-Q1,33,TeX,markup,189
2026-Q1,34,Nix,programming,187
2026-Q1,35,Astro,markup,131
2026-Q1,36,Mako,programming,128
2026-Q1,37,Roff,markup,120
2026-Q1,38,EJS,markup,105
