economy,quarter,rank,language,language_type,pushers,rank_year_earlier,pushers_year_earlier,change
DZ,2026-Q1,1,HTML,markup,13477,1,6634,1.031504
DZ,2026-Q1,2,JavaScript,programming,10221,3,5794,0.764066
DZ,2026-Q1,3,CSS,markup,9825,2,5854,0.67834
DZ,2026-Q1,4,Python,programming,6383,4,2837,1.249912
DZ,2026-Q1,5,TypeScript,programming,4682,5,2051,1.282789
DZ,2026-Q1,6,Shell,programming,2189,7,910,1.405495
DZ,2026-Q1,7,Dockerfile,programming,1819,13,667,1.727136
DZ,2026-Q1,8,C,programming,1582,6,1235,0.280972
DZ,2026-Q1,9,Jupyter Notebook,markup,1364,12,748,0.823529
DZ,2026-Q1,10,PHP,programming,1317,8,907,0.45204
DZ,2026-Q1,11,C++,programming,1283,10,807,0.589839
DZ,2026-Q1,12,Java,programming,1176,9,897,0.311037
DZ,2026-Q1,13,Kotlin,programming,1154,11,763,0.512451
DZ,2026-Q1,14,Dart,programming,913,16,540,0.690741
DZ,2026-Q1,15,CMake,programming,912,15,554,0.646209
DZ,2026-Q1,16,Swift,programming,872,18,513,0.699805
DZ,2026-Q1,17,Objective-C,programming,824,17,517,0.59381
DZ,2026-Q1,18,Batchfile,programming,813,19,369,1.203252
DZ,2026-Q1,19,PowerShell,programming,667,22,219,2.045662
DZ,2026-Q1,20,PLpgSQL,programming,608,,,
DZ,2026-Q1,21,Makefile,programming,579,20,332,0.743976
DZ,2026-Q1,22,Blade,markup,456,21,325,0.403077
DZ,2026-Q1,23,SCSS,markup,412,14,558,-0.261649
DZ,2026-Q1,24,Procfile,programming,403,28,132,2.05303
DZ,2026-Q1,25,C#,programming,366,23,215,0.702326
DZ,2026-Q1,26,Ruby,programming,298,24,204,0.460784
DZ,2026-Q1,27,Go,programming,276,29,130,1.123077
DZ,2026-Q1,28,Hack,programming,246,26,202,0.217822
DZ,2026-Q1,29,Vue,markup,245,25,203,0.206897
DZ,2026-Q1,30,Rust,programming,239,31,105,1.27619
DZ,2026-Q1,31,Lua,programming,204,27,158,0.291139
DZ,2026-Q1,32,Assembly,programming,189,,,
DZ,2026-Q1,33,TeX,markup,189,,,
DZ,2026-Q1,34,Nix,programming,187,,,
DZ,2026-Q1,35,Astro,markup,131,,,
DZ,2026-Q1,36,Mako,programming,128,,,
DZ,2026-Q1,37,Roff,markup,120,,,
DZ,2026-Q1,38,EJS,markup,105,30,113,-0.070796
EG,2026-Q1,1,HTML,markup,56995,1,36366,0.567261
EG,2026-Q1,2,JavaScript,programming,45016,3,29537,0.524055
EG,2026-Q1,3,CSS,markup,43135,2,29960,0.439753
EG,2026-Q1,4,Python,programming,21836,4,12952,0.685917
EG,2026-Q1,5,TypeScript,programming,20723,5,9784,1.11805
EG,2026-Q1,6,Shell,programming,9486,14,5104,0.858542
EG,2026-Q1,7,C++,programming,9431,6,8350,0.129461
EG,2026-Q1,8,Dockerfile,programming,8474,19,4121,1.056297
EG,2026-Q1,9,C,programming,7895,7,7291,0.082842
EG,2026-Q1,10,Kotlin,programming,7141,8,6238,0.144758
EG,2026-Q1,11,Jupyter Notebook,markup,6811,9,6048,0.126157
EG,2026-Q1,12,Swift,programming,6459,10,5646,0.143996
EG,2026-Q1,13,Dart,programming,6401,11,5557,0.151881
EG,2026-Q1,14,CMake,programming,6309,12,5455,0.156554
EG,2026-Q1,15,C#,programming,6125,15,5079,0.205946
EG,2026-Q1,16,Objective-C,programming,5988,13,5427,0.103372
EG,2026-Q1,17,Java,programming,5409,17,4964,0.089645
EG,2026-Q1,18,PHP,programming,4859,18,4730,0.027273
EG,2026-Q1,19,SCSS,markup,3871,16,5026,-0.229805
EG,2026-Q1,20,Batchfile,programming,3358,23,1452,1.312672
EG,2026-Q1,21,PowerShell,programming,2787,25,981,1.840979
EG,2026-Q1,22,Makefile,programming,2707,21,2122,0.275683
EG,2026-Q1,23,Blade,markup,2692,20,2361,0.140195
EG,2026-Q1,24,Ruby,programming,2424,22,1984,0.221774
EG,2026-Q1,25,PLpgSQL,programming,1875,41,278,5.744604
EG,2026-Q1,26,Go,programming,1285,27,757,0.69749
EG,2026-Q1,27,Procfile,programming,1204,28,692,0.739884
EG,2026-Q1,28,Vue,markup,1189,26,962,0.235967
EG,2026-Q1,29,TSQL,programming,1107,30,598,0.851171
EG,2026-Q1,30,Hack,programming,874,24,1057,-0.173132
EG,2026-Q1,31,Rust,programming,830,35,411,1.019465
EG,2026-Q1,32,Lua,programming,794,32,546,0.454212
EG,2026-Q1,33,HCL,programming,699,34,434,0.610599
EG,2026-Q1,34,Assembly,programming,675,29,660,0.022727
EG,2026-Q1,35,TeX,markup,575,37,344,0.671512
EG,2026-Q1,36,Nix,programming,557,39,336,0.657738
EG,2026-Q1,37,Perl,programming,557,38,342,0.628655
EG,2026-Q1,38,Mako,programming,531,55,165,2.218182
EG,2026-Q1,39,Roff,markup,497,36,400,0.2425
EG,2026-Q1,40,EJS,markup,475,33,531,-0.105461
EG,2026-Q1,41,Less,markup,468,31,558,-0.16129
EG,2026-Q1,42,Jinja,markup,398,53,185,1.151351
EG,2026-Q1,43,Astro,markup,387,57,163,1.374233
EG,2026-Q1,44,XSLT,programming,380,50,213,0.784038
EG,2026-Q1,45,Handlebars,markup,355,40,331,0.072508
EG,2026-Q1,46,Linker Script,data,354,,,
EG,2026-Q1,47,MATLAB,programming,321,42,261,0.229885
EG,2026-Q1,48,HLSL,programming,318,47,236,0.347458
EG,2026-Q1,49,GLSL,programming,292,44,251,0.163347
EG,2026-Q1,50,Cython,programming,282,52,201,0.402985
EG,2026-Q1,51,ShaderLab,programming,270,51,202,0.336634
EG,2026-Q1,52,Verilog,programming,270,45,246,0.097561
EG,2026-Q1,53,Objective-C++,programming,257,49,217,0.184332
EG,2026-Q1,54,R,programming,253,54,171,0.479532
EG,2026-Q1,55,Smarty,programming,249,46,238,0.046218
EG,2026-Q1,56,Fortran,programming,227,60,158,0.436709
EG,2026-Q1,57,Meson,programming,210,63,140,0.5
EG,2026-Q1,58,M4,programming,202,66,131,0.541985
EG,2026-Q1,59,Svelte,markup,202,67,129,0.565891
EG,2026-Q1,60,Gherkin,programming,199,48,222,-0.103604
EG,2026-Q1,61,Groovy,programming,198,56,164,0.207317
EG,2026-Q1,62,SystemVerilog,programming,194,68,119,0.630252
EG,2026-Q1,63,Pug,markup,190,43,254,-0.251969
EG,2026-Q1,64,Tcl,programming,184,59,159,0.157233
EG,2026-Q1,65,Vim Script,programming,183,65,134,0.365672
EG,2026-Q1,66,Cuda,programming,178,71,108,0.648148
EG,2026-Q1,67,Awk,programming,177,72,103,0.718447
EG,2026-Q1,68,Rich Text Format,markup,177,62,151,0.172185
EG,2026-Q1,69,Starlark,programming,164,,,
EG,2026-Q1,70,Lex,programming,163,,,
EG,2026-Q1,71,Emacs Lisp,programming,162,,,
EG,2026-Q1,72,Yacc,programming,160,,,
EG,2026-Q1,73,Stata,programming,154,69,114,0.350877
EG,2026-Q1,74,Solidity,programming,149,58,160,-0.06875
EG,2026-Q1,75,GDScript,programming,140,,,
EG,2026-Q1,76,Inno Setup,programming,136,,,
EG,2026-Q1,77,Mustache,markup,132,,,
EG,2026-Q1,78,QML,programming,132,,,
EG,2026-Q1,79,VBScript,programming,122,,,
EG,2026-Q1,80,Mermaid,markup,119,,,
EG,2026-Q1,81,GDB,programming,116,,,
EG,2026-Q1,82,Stylus,markup,116,,,
EG,2026-Q1,83,sed,programming,113,,,
EG,2026-Q1,84,PureBasic,programming,111,,,
EG,2026-Q1,85,ASP.NET,programming,109,64,135,-0.192593
EG,2026-Q1,86,Clojure,programming,107,,,
EG,2026-Q1,87,NSIS,programming,105,,,
EG,2026-Q1,88,Sass,markup,103,70,110,-0.063636
EG,2026-Q1,89,PLSQL,programming,102,,,
LY,2026-Q1,1,HTML,markup,1423,1,555,1.563964
LY,2026-Q1,2,JavaScript,programming,1028,2,428,1.401869
LY,2026-Q1,3,CSS,markup,983,3,417,1.357314
LY,2026-Q1,4,Python,programming,463,4,198,1.338384
LY,2026-Q1,5,TypeScript,programming,461,5,148,2.114865
LY,2026-Q1,6,Shell,programming,214,7,103,1.07767
LY,2026-Q1,7,Kotlin,programming,204,,,
LY,2026-Q1,8,C++,programming,199,,,
LY,2026-Q1,9,Dart,programming,196,,,
LY,2026-Q1,10,PHP,programming,195,6,118,0.652542
LY,2026-Q1,11,C,programming,190,,,
LY,2026-Q1,12,Swift,programming,189,,,
LY,2026-Q1,13,Objective-C,programming,181,,,
LY,2026-Q1,14,CMake,programming,171,,,
LY,2026-Q1,15,Dockerfile,programming,156,,,
LY,2026-Q1,16,Blade,markup,136,,,
MA,2026-Q1,1,HTML,markup,29967,1,17706,0.692477
MA,2026-Q1,2,JavaScript,programming,24696,3,15429,0.600622
MA,2026-Q1,3,CSS,markup,24161,2,16160,0.495111
MA,2026-Q1,4,Python,programming,14203,4,7164,0.982552
MA,2026-Q1,5,TypeScript,programming,11880,5,5307,1.238553
MA,2026-Q1,6,Dockerfile,programming,6847,9,3342,1.048773
MA,2026-Q1,7,Java,programming,6124,6,4857,0.260861
MA,2026-Q1,8,Shell,programming,6091,8,3472,0.75432
MA,2026-Q1,9,PHP,programming,4895,7,3800,0.288158
MA,2026-Q1,10,Jupyter Notebook,markup,3605,13,2158,0.670528
MA,2026-Q1,11,C,programming,2907,10,2842,0.022871
MA,2026-Q1,12,C++,programming,2680,14,1948,0.37577
MA,2026-Q1,13,Makefile,programming,2641,12,2175,0.214253
MA,2026-Q1,14,Blade,markup,2581,15,1860,0.387634
MA,2026-Q1,15,Batchfile,programming,2240,19,862,1.598608
MA,2026-Q1,16,PowerShell,programming,2029,24,636,2.190252
MA,2026-Q1,17,SCSS,markup,1636,11,2183,-0.250573
MA,2026-Q1,18,Kotlin,programming,1540,16,1016,0.515748
MA,2026-Q1,19,CMake,programming,1296,18,865,0.498266
MA,2026-Q1,20,PLpgSQL,programming,1231,41,178,5.91573
MA,2026-Q1,21,Swift,programming,1110,22,762,0.456693
MA,2026-Q1,22,C#,programming,1032,20,805,0.281988
MA,2026-Q1,23,Dart,programming,1019,23,701,0.453638
MA,2026-Q1,24,Objective-C,programming,1004,21,785,0.278981
MA,2026-Q1,25,Hack,programming,978,17,975,0.003077
MA,2026-Q1,26,Procfile,programming,682,29,341,1
MA,2026-Q1,27,Ruby,programming,652,26,531,0.227872
MA,2026-Q1,28,Go,programming,634,27,450,0.408889
MA,2026-Q1,29,Vue,markup,607,25,567,0.070547
MA,2026-Q1,30,TeX,markup,499,36,199,1.507538
MA,2026-Q1,31,Rust,programming,484,37,196,1.469388
MA,2026-Q1,32,Twig,markup,480,28,343,0.399417
MA,2026-Q1,33,Lua,programming,463,30,330,0.40303
MA,2026-Q1,34,HCL,programming,432,40,185,1.335135
MA,2026-Q1,35,Astro,markup,323,44,144,1.243056
MA,2026-Q1,36,Mako,programming,312,46,138,1.26087
MA,2026-Q1,37,Assembly,programming,303,34,217,0.396313
MA,2026-Q1,38,Roff,markup,301,31,317,-0.050473
MA,2026-Q1,39,Cython,programming,284,35,214,0.327103
MA,2026-Q1,40,Nix,programming,268,43,174,0.54023
MA,2026-Q1,41,Perl,programming,253,33,219,0.155251
MA,2026-Q1,42,Smarty,programming,247,32,225,0.097778
MA,2026-Q1,43,Solidity,programming,237,45,141,0.680851
MA,2026-Q1,44,Jinja,markup,207,49,115,0.8
MA,2026-Q1,45,Meson,programming,206,48,133,0.548872
MA,2026-Q1,46,Fortran,programming,196,47,133,0.473684
MA,2026-Q1,47,TSQL,programming,194,,,
MA,2026-Q1,48,EJS,markup,186,42,176,0.056818
MA,2026-Q1,49,XSLT,programming,172,38,193,-0.108808
MA,2026-Q1,50,Handlebars,markup,156,51,113,0.380531
MA,2026-Q1,51,GLSL,programming,128,50,113,0.132743
MA,2026-Q1,52,Less,markup,125,39,190,-0.342105
MA,2026-Q1,53,R,programming,117,,,
MA,2026-Q1,54,Svelte,markup,117,,,
MA,2026-Q1,55,Objective-C++,programming,103,,,
MR,2026-Q1,1,HTML,markup,703,1,359,0.958217
MR,2026-Q1,2,CSS,markup,568,2,288,0.972222
MR,2026-Q1,3,JavaScript,programming,558,3,253,1.205534
MR,2026-Q1,4,Python,programming,433,4,190,1.278947
MR,2026-Q1,5,TypeScript,programming,303,,,
MR,2026-Q1,6,Java,programming,203,,,
MR,2026-Q1,7,Dockerfile,programming,186,,,
MR,2026-Q1,8,Jupyter Notebook,markup,144,,,
MR,2026-Q1,9,Shell,programming,137,,,
MR,2026-Q1,10,C,programming,110,,,
MR,2026-Q1,11,C++,programming,108,,,
MR,2026-Q1,12,Dart,programming,101,,,
SD,2026-Q1,1,HTML,markup,888,1,320,1.775
SD,2026-Q1,2,JavaScript,programming,552,3,247,1.234818
SD,2026-Q1,3,CSS,markup,547,2,272,1.011029
SD,2026-Q1,4,Python,programming,338,4,112,2.017857
SD,2026-Q1,5,TypeScript,programming,207,,,
SD,2026-Q1,6,Shell,programming,115,,,
TN,2026-Q1,1,HTML,markup,17326,1,11671,0.484534
TN,2026-Q1,2,CSS,markup,15488,2,10975,0.411207
TN,2026-Q1,3,JavaScript,programming,14795,3,10612,0.394176
TN,2026-Q1,4,TypeScript,programming,8757,4,4973,0.760909
TN,2026-Q1,5,Python,programming,8699,5,4241,1.051167
TN,2026-Q1,6,Java,programming,5055,6,4239,0.192498
TN,2026-Q1,7,Dockerfile,programming,4516,9,2147,1.1034
TN,2026-Q1,8,Shell,programming,3466,11,1475,1.349831
TN,2026-Q1,9,PHP,programming,2661,8,2309,0.152447
TN,2026-Q1,10,C,programming,2193,10,1527,0.436149
TN,2026-Q1,11,C++,programming,2181,12,1469,0.484683
TN,2026-Q1,12,Jupyter Notebook,markup,2042,13,1220,0.67377
TN,2026-Q1,13,SCSS,markup,1964,7,2315,-0.15162
TN,2026-Q1,14,Batchfile,programming,1823,22,591,2.084602
TN,2026-Q1,15,PowerShell,programming,1714,23,446,2.843049
TN,2026-Q1,16,Kotlin,programming,1575,15,932,0.689914
TN,2026-Q1,17,CMake,programming,1472,16,901,0.63374
TN,2026-Q1,18,Swift,programming,1346,17,777,0.732304
TN,2026-Q1,19,Dart,programming,1295,20,750,0.726667
TN,2026-Q1,20,Objective-C,programming,1250,19,773,0.617076
TN,2026-Q1,21,Twig,markup,1152,14,974,0.182752
TN,2026-Q1,22,Makefile,programming,1001,21,681,0.469897
TN,2026-Q1,23,C#,programming,968,18,773,0.252264
TN,2026-Q1,24,PLpgSQL,programming,663,,,
TN,2026-Q1,25,Blade,markup,519,24,443,0.171558
TN,2026-Q1,26,Ruby,programming,440,25,348,0.264368
TN,2026-Q1,27,Go,programming,324,32,175,0.851429
TN,2026-Q1,28,Procfile,programming,314,37,138,1.275362
TN,2026-Q1,29,Vue,markup,294,26,319,-0.07837
TN,2026-Q1,30,TeX,markup,284,,,
TN,2026-Q1,31,Hack,programming,282,27,294,-0.040816
TN,2026-Q1,32,Cython,programming,279,33,163,0.711656
TN,2026-Q1,33,Mako,programming,270,39,130,1.076923
TN,2026-Q1,34,HCL,programming,268,41,123,1.178862
TN,2026-Q1,35,Lua,programming,248,36,157,0.579618
TN,2026-Q1,36,Assembly,programming,244,31,181,0.348066
TN,2026-Q1,37,Rust,programming,243,,,
TN,2026-Q1,38,Smarty,programming,201,28,212,-0.051887
TN,2026-Q1,39,Roff,markup,183,34,161,0.136646
TN,2026-Q1,40,Fortran,programming,171,43,107,0.598131
TN,2026-Q1,41,Jinja,markup,171,42,114,0.5
TN,2026-Q1,42,Meson,programming,166,,,
TN,2026-Q1,43,EJS,markup,160,29,200,-0.2
TN,2026-Q1,44,Gherkin,programming,140,44,102,0.372549
TN,2026-Q1,45,Perl,programming,138,,,
TN,2026-Q1,46,Less,markup,133,30,183,-0.273224
TN,2026-Q1,47,Handlebars,markup,129,38,134,-0.037313
TN,2026-Q1,48,Nix,programming,120,,,
TN,2026-Q1,49,R,programming,120,,,
TN,2026-Q1,50,Solidity,programming,115,,,
TN,2026-Q1,51,HLSL,programming,113,,,
TN,2026-Q1,52,XSLT,programming,112,40,125,-0.104
TN,2026-Q1,53,QMake,programming,111,35,158,-0.297468
TN,2026-Q1,54,Astro,markup,104,,,
NG,2026-Q1,1,HTML,markup,66285,1,43449,0.525582
NG,2026-Q1,2,JavaScript,programming,58814,2,40170,0.464127
NG,2026-Q1,3,CSS,markup,56938,3,39953,0.425125
NG,2026-Q1,4,TypeScript,programming,31461,4,15658,1.00926
NG,2026-Q1,5,Python,programming,23021,5,13475,0.708423
NG,2026-Q1,6,Shell,programming,12006,6,6682,0.796767
NG,2026-Q1,7,Dockerfile,programming,10823,7,6630,0.632428
NG,2026-Q1,8,Jupyter Notebook,markup,5470,10,4009,0.36443
NG,2026-Q1,9,PHP,programming,4575,9,4010,0.140898
NG,2026-Q1,10,PLpgSQL,programming,4470,37,540,7.277778
NG,2026-Q1,11,Makefile,programming,3742,15,2124,0.76177
NG,2026-Q1,12,SCSS,markup,3552,8,4640,-0.234483
NG,2026-Q1,13,C,programming,3503,12,2889,0.21253
NG,2026-Q1,14,C++,programming,3352,13,2583,0.297716
NG,2026-Q1,15,PowerShell,programming,3245,29,1270,1.555118
NG,2026-Q1,16,Kotlin,programming,3203,14,2358,0.358355
NG,2026-Q1,17,Java,programming,3039,11,3561,-0.146588
NG,2026-Q1,18,Batchfile,programming,2993,23,1403,1.133286
NG,2026-Q1,19,Rust,programming,2837,25,1365,1.078388
NG,2026-Q1,20,Swift,programming,2767,16,2024,0.367095
NG,2026-Q1,21,Go,programming,2662,24,1374,0.937409
NG,2026-Q1,22,Procfile,programming,2498,18,1996,0.251503
NG,2026-Q1,23,Dart,programming,2472,19,1797,0.375626
NG,2026-Q1,24,Objective-C,programming,2302,17,2011,0.144704
NG,2026-Q1,25,CMake,programming,2240,20,1719,0.303083
NG,2026-Q1,26,Ruby,programming,2207,21,1695,0.302065
NG,2026-Q1,27,Solidity,programming,2201,26,1362,0.616006
NG,2026-Q1,28,Blade,markup,1795,27,1354,0.325702
NG,2026-Q1,29,C#,programming,1746,22,1526,0.144168
NG,2026-Q1,30,HCL,programming,1506,33,754,0.997347
NG,2026-Q1,31,Vue,markup,1379,28,1351,0.020725
NG,2026-Q1,32,Mako,programming,1114,35,639,0.743349
NG,2026-Q1,33,Hack,programming,1078,32,964,0.118257
NG,2026-Q1,34,EJS,markup,1016,31,964,0.053942
NG,2026-Q1,35,Handlebars,markup,888,34,654,0.357798
NG,2026-Q1,36,Nix,programming,803,30,1003,-0.199402
NG,2026-Q1,37,Clarity,programming,746,38,478,0.560669
NG,2026-Q1,38,Astro,markup,552,43,350,0.577143
NG,2026-Q1,39,DTrace,programming,460,,,
NG,2026-Q1,40,Svelte,markup,452,49,228,0.982456
NG,2026-Q1,41,Jinja,markup,430,48,242,0.77686
NG,2026-Q1,42,RenderScript,programming,424,58,116,2.655172
NG,2026-Q1,43,Less,markup,417,36,560,-0.255357
NG,2026-Q1,44,Assembly,programming,394,44,343,0.148688
NG,2026-Q1,45,Cython,programming,385,45,310,0.241935
NG,2026-Q1,46,Roff,markup,375,40,396,-0.05303
NG,2026-Q1,47,Lua,programming,368,46,283,0.300353
NG,2026-Q1,48,Perl,programming,318,51,223,0.426009
NG,2026-Q1,49,R,programming,317,50,226,0.402655
NG,2026-Q1,50,TeX,markup,301,52,172,0.75
NG,2026-Q1,51,Smarty,programming,298,41,395,-0.24557
NG,2026-Q1,52,TSQL,programming,277,55,164,0.689024
NG,2026-Q1,53,Cairo,programming,248,39,433,-0.427252
NG,2026-Q1,54,Objective-C++,programming,222,42,358,-0.379888
NG,2026-Q1,55,Gherkin,programming,209,,,
NG,2026-Q1,56,Meson,programming,207,53,169,0.224852
NG,2026-Q1,57,XSLT,programming,204,54,169,0.207101
NG,2026-Q1,58,Fortran,programming,193,56,152,0.269737
NG,2026-Q1,59,Pug,markup,185,47,247,-0.251012
NG,2026-Q1,60,JSON5,data,169,,,
NG,2026-Q1,61,Move,programming,160,57,124,0.290323
NG,2026-Q1,62,Mustache,markup,128,,,
NG,2026-Q1,63,Rich Text Format,markup,124,,,
NG,2026-Q1,64,GLSL,programming,122,,,
NG,2026-Q1,65,Mermaid,markup,117,,,
NG,2026-Q1,66,Groovy,programming,115,,,
NG,2026-Q1,67,Starlark,programming,115,,,
KE,2026-Q1,1,HTML,markup,36221,1,24077,0.504382
KE,2026-Q1,2,JavaScript,programming,30104,3,20780,0.448701
KE,2026-Q1,3,CSS,markup,29756,2,21448,0.387355
KE,2026-Q1,4,Python,programming,16296,4,12564,0.297039
KE,2026-Q1,5,TypeScript,programming,13120,5,5979,1.194347
KE,2026-Q1,6,Shell,programming,7543,6,4551,0.657438
KE,2026-Q1,7,Dockerfile,programming,6061,7,3570,0.697759
KE,2026-Q1,8,PHP,programming,4070,8,3513,0.158554
KE,2026-Q1,9,Jupyter Notebook,markup,3728,9,3464,0.076212
KE,2026-Q1,10,C,programming,3030,10,2710,0.118081
KE,2026-Q1,11,Java,programming,2996,12,2325,0.288602
KE,2026-Q1,12,C++,programming,2797,13,2172,0.287753
KE,2026-Q1,13,PowerShell,programming,2687,14,1729,0.554078
KE,2026-Q1,14,Batchfile,programming,2443,17,1374,0.77802
KE,2026-Q1,15,Kotlin,programming,2361,15,1668,0.415468
KE,2026-Q1,16,PLpgSQL,programming,2316,38,310,6.470968
KE,2026-Q1,17,Procfile,programming,2058,16,1607,0.280647
KE,2026-Q1,18,SCSS,markup,1906,11,2569,-0.258077
KE,2026-Q1,19,Makefile,programming,1599,18,1126,0.420071
KE,2026-Q1,20,Swift,programming,1375,21,1017,0.352016
KE,2026-Q1,21,CMake,programming,1316,20,1037,0.269045
KE,2026-Q1,22,Blade,markup,1278,26,911,0.402854
KE,2026-Q1,23,Dart,programming,1218,24,934,0.304069
KE,2026-Q1,24,Mako,programming,1152,23,950,0.212632
KE,2026-Q1,25,Objective-C,programming,1137,22,987,0.151976
KE,2026-Q1,26,Go,programming,1102,28,800,0.3775
KE,2026-Q1,27,Ruby,programming,1056,19,1057,-0.000946
KE,2026-Q1,28,Hack,programming,909,25,920,-0.011957
KE,2026-Q1,29,Vue,markup,813,27,838,-0.029833
KE,2026-Q1,30,Rust,programming,751,34,434,0.730415
KE,2026-Q1,31,C#,programming,718,29,665,0.079699
KE,2026-Q1,32,Cython,programming,637,31,536,0.188433
KE,2026-Q1,33,Assembly,programming,530,30,567,-0.065256
KE,2026-Q1,34,Nix,programming,530,32,513,0.033138
KE,2026-Q1,35,HCL,programming,447,42,253,0.766798
KE,2026-Q1,36,Roff,markup,382,33,445,-0.141573
KE,2026-Q1,37,Solidity,programming,382,35,422,-0.094787
KE,2026-Q1,38,Lua,programming,360,41,285,0.263158
KE,2026-Q1,39,R,programming,345,39,301,0.146179
KE,2026-Q1,40,EJS,markup,318,36,382,-0.167539
KE,2026-Q1,41,Smarty,programming,302,37,342,-0.116959
KE,2026-Q1,42,TeX,markup,284,50,156,0.820513
KE,2026-Q1,43,Astro,markup,255,51,146,0.746575
KE,2026-Q1,44,Jinja,markup,254,47,188,0.351064
KE,2026-Q1,45,Meson,programming,250,46,193,0.295337
KE,2026-Q1,46,Fortran,programming,242,44,206,0.174757
KE,2026-Q1,47,Less,markup,220,40,298,-0.261745
KE,2026-Q1,48,Handlebars,markup,219,45,194,0.128866
KE,2026-Q1,49,Perl,programming,209,48,185,0.12973
KE,2026-Q1,50,XSLT,programming,207,43,234,-0.115385
KE,2026-Q1,51,Svelte,markup,181,53,122,0.483607
KE,2026-Q1,52,TSQL,programming,179,52,128,0.398438
KE,2026-Q1,53,GLSL,programming,118,,,
KE,2026-Q1,54,Objective-C++,programming,112,49,166,-0.325301
ZA,2026-Q1,1,HTML,markup,29031,1,15841,0.832649
ZA,2026-Q1,2,JavaScript,programming,23446,3,13676,0.71439
ZA,2026-Q1,3,CSS,markup,22917,2,13770,0.66427
ZA,2026-Q1,4,Python,programming,11950,4,6685,0.787584
ZA,2026-Q1,5,TypeScript,programming,11319,5,4693,1.41189
ZA,2026-Q1,6,Shell,programming,6731,6,3464,0.943129
ZA,2026-Q1,7,Dockerfile,programming,5070,9,2598,0.951501
ZA,2026-Q1,8,Java,programming,3852,7,2821,0.365473
ZA,2026-Q1,9,C#,programming,3776,8,2611,0.446189
ZA,2026-Q1,10,Jupyter Notebook,markup,2228,11,1605,0.388162
ZA,2026-Q1,11,PowerShell,programming,2104,18,868,1.423963
ZA,2026-Q1,12,C++,programming,2067,14,1378,0.5
ZA,2026-Q1,13,C,programming,1985,12,1425,0.392982
ZA,2026-Q1,14,Batchfile,programming,1979,17,1078,0.835807
ZA,2026-Q1,15,Kotlin,programming,1892,16,1081,0.750231
ZA,2026-Q1,16,PHP,programming,1829,13,1390,0.315827
ZA,2026-Q1,17,SCSS,markup,1805,10,2021,-0.106878
ZA,2026-Q1,18,Makefile,programming,1723,15,1169,0.473909
ZA,2026-Q1,19,PLpgSQL,programming,1647,33,307,4.364821
ZA,2026-Q1,20,CMake,programming,1168,20,695,0.680576
ZA,2026-Q1,21,Swift,programming,1160,21,603,0.923715
ZA,2026-Q1,22,Ruby,programming,1034,19,840,0.230952
ZA,2026-Q1,23,Go,programming,872,24,537,0.623836
ZA,2026-Q1,24,Objective-C,programming,863,23,577,0.495667
ZA,2026-Q1,25,Dart,programming,828,26,461,0.796095
ZA,2026-Q1,26,Procfile,programming,774,28,390,0.984615
ZA,2026-Q1,27,Rust,programming,761,27,432,0.761574
ZA,2026-Q1,28,Vue,markup,676,22,599,0.128548
ZA,2026-Q1,29,Lua,programming,581,25,479,0.212944
ZA,2026-Q1,30,HCL,programming,547,30,324,0.688272
ZA,2026-Q1,31,Nix,programming,493,31,319,0.545455
ZA,2026-Q1,32,TSQL,programming,460,38,262,0.755725
ZA,2026-Q1,33,Astro,markup,424,52,145,1.924138
ZA,2026-Q1,34,Mako,programming,401,47,179,1.240223
ZA,2026-Q1,35,TeX,markup,388,32,309,0.255663
ZA,2026-Q1,36,R,programming,379,29,371,0.021563
ZA,2026-Q1,37,Hack,programming,351,39,252,0.392857
ZA,2026-Q1,38,Assembly,programming,328,37,268,0.223881
ZA,2026-Q1,39,Blade,markup,328,36,272,0.205882
ZA,2026-Q1,40,Perl,programming,276,44,203,0.359606
ZA,2026-Q1,41,Roff,markup,273,35,282,-0.031915
ZA,2026-Q1,42,Jinja,markup,265,49,159,0.666667
ZA,2026-Q1,43,HLSL,programming,262,50,155,0.690323
ZA,2026-Q1,44,EJS,markup,240,40,227,0.057269
ZA,2026-Q1,45,ShaderLab,programming,233,51,148,0.574324
ZA,2026-Q1,46,Cython,programming,229,43,204,0.122549
ZA,2026-Q1,47,Svelte,markup,222,53,142,0.56338
ZA,2026-Q1,48,Gherkin,programming,213,48,172,0.238372
ZA,2026-Q1,49,Smarty,programming,199,41,223,-0.107623
ZA,2026-Q1,50,Solidity,programming,199,54,133,0.496241
ZA,2026-Q1,51,Handlebars,markup,196,45,184,0.065217
ZA,2026-Q1,52,Less,markup,185,42,210,-0.119048
ZA,2026-Q1,53,XSLT,programming,168,46,183,-0.081967
ZA,2026-Q1,54,GLSL,programming,163,57,125,0.304
ZA,2026-Q1,55,Meson,programming,155,59,112,0.383929
ZA,2026-Q1,56,Fortran,programming,146,58,116,0.258621
ZA,2026-Q1,57,ASP.NET,programming,139,34,301,-0.538206
ZA,2026-Q1,58,Vim Script,programming,134,55,130,0.030769
ZA,2026-Q1,59,Rich Text Format,markup,132,60,106,0.245283
ZA,2026-Q1,60,MATLAB,programming,131,,,
ZA,2026-Q1,61,Objective-C++,programming,127,56,129,-0.015504
ZA,2026-Q1,62,Linker Script,data,117,,,
ZA,2026-Q1,63,Inno Setup,programming,110,,,
ZA,2026-Q1,64,Bicep,programming,102,,,
ZA,2026-Q1,65,Groovy,programming,102,,,
