indicator,quarter,value,year_earlier,change,north_africa_median,north_africa_rank,north_africa_ranked,core_peers_median,core_peers_rank,core_peers_ranked,africa_median,africa_rank,africa_ranked,algeria_and_peers_median,algeria_and_peers_rank,algeria_and_peers_ranked
accounts,2026-Q1,586990,393565,0.491469,420582,3,7,982701.5,,6,87857,6,29,906406,6,7
yoy,2026-Q1,0.491469,0.256216,,0.440171,3,7,0.430054,,6,0.564515,19,29,0.432181,1,7
since_2020,2026-Q1,5.392903,3.286313,,5.392903,4,7,5.617364,,6,6.714229,23,29,5.392903,4,7
pushes_per_account,2026-Q1,1.063013,0.505017,1.104906,1.336881,5,7,1.47842,,6,1.693624,26,29,1.386281,7,7
pushes_per_account_4q,2026-Q1,0.841602,0.476026,0.767977,1.166945,5,7,1.367523,,6,1.447078,26,29,1.287967,7,7
repos_per_account,2026-Q1,1.039255,1.12215,-0.073872,1.523285,5,7,2.189271,,6,1.754036,27,29,2.051602,7,7
orgs_per_account,2026-Q1,0.031541,0.042489,-0.257669,0.031541,4,7,0.043013,,6,0.04278,25,29,0.04278,7,7
accounts_per_million,2026-Q1,12374.536506,8296.878073,0.491469,12374.536506,4,7,15048.214057,,6,4704.697341,6,29,13740.58487,5,7
topics,2026-Q1,3,2,0.5,3,4,7,15.5,,6,0,7,29,13,7,7
