economy,north_africa,core_peer,quarter,accounts_2020_q1,accounts,yoy,since_2020,pushes_per_account,pushes_per_account_4q,repos_per_account,orgs_per_account,accounts_per_million,population_year,topics
DZ,true,false,2026-Q1,91819,586990,0.491469,5.392903,1.063013,0.841602,1.039255,0.031541,12374.536506,2025,3
EG,true,true,2026-Q1,236751,1626418,0.43895,5.869741,1.570559,1.532563,2.051602,0.034134,13740.58487,2025,37
LY,true,false,2026-Q1,9125,73665,0.650349,7.072877,0.873346,0.666006,0.83129,0.028195,9876.57797,2025,0
MA,true,true,2026-Q1,142405,906406,0.432181,5.364987,1.386281,1.199943,1.651206,0.04278,23585.423867,2025,13
MR,true,false,2026-Q1,1519,16255,0.658504,9.701119,1.336881,1.166945,1.523285,0.031436,3058.288092,2025,0
SD,true,false,2026-Q1,11010,49732,0.440171,3.516985,0.7351,0.570152,0.876357,0.025175,962.639048,2025,0
TN,true,true,2026-Q1,88631,420582,0.329391,3.745315,1.352968,1.287967,2.32694,0.046954,34059.158091,2025,18
NG,false,true,2026-Q1,173641,1794519,0.358383,9.33465,1.658922,1.447078,2.607493,0.04118,7554.985715,2025,23
KE,false,true,2026-Q1,90770,678197,0.462908,6.471599,2.309283,2.278549,4.770609,0.043442,11788.069048,2025,11
ZA,false,true,2026-Q1,202767,1058997,0.427926,4.222729,1.297621,1.208917,1.724335,0.043246,16355.843243,2025,7
