group,quarter,indicator,economy,value,rank,ranked
north_africa,2026-Q1,accounts,EG,1626418,1,7
north_africa,2026-Q1,accounts,MA,906406,2,7
north_africa,2026-Q1,accounts,DZ,586990,3,7
north_africa,2026-Q1,accounts,TN,420582,4,7
north_africa,2026-Q1,accounts,LY,73665,5,7
north_africa,2026-Q1,accounts,SD,49732,6,7
north_africa,2026-Q1,accounts,MR,16255,7,7
north_africa,2026-Q1,yoy,MR,0.658504,1,7
north_africa,2026-Q1,yoy,LY,0.650349,2,7
north_africa,2026-Q1,yoy,DZ,0.491469,3,7
north_africa,2026-Q1,yoy,SD,0.440171,4,7
north_africa,2026-Q1,yoy,EG,0.43895,5,7
north_africa,2026-Q1,yoy,MA,0.432181,6,7
north_africa,2026-Q1,yoy,TN,0.329391,7,7
north_africa,2026-Q1,since_2020,MR,9.701119,1,7
north_africa,2026-Q1,since_2020,LY,7.072877,2,7
north_africa,2026-Q1,since_2020,EG,5.869741,3,7
north_africa,2026-Q1,since_2020,DZ,5.392903,4,7
north_africa,2026-Q1,since_2020,MA,5.364987,5,7
north_africa,2026-Q1,since_2020,TN,3.745315,6,7
north_africa,2026-Q1,since_2020,SD,3.516985,7,7
north_africa,2026-Q1,pushes_per_account,EG,1.570559,1,7
north_africa,2026-Q1,pushes_per_account,MA,1.386281,2,7
north_africa,2026-Q1,pushes_per_account,TN,1.352968,3,7
north_africa,2026-Q1,pushes_per_account,MR,1.336881,4,7
north_africa,2026-Q1,pushes_per_account,DZ,1.063013,5,7
north_africa,2026-Q1,pushes_per_account,LY,0.873346,6,7
north_africa,2026-Q1,pushes_per_account,SD,0.7351,7,7
north_africa,2026-Q1,pushes_per_account_4q,EG,1.532563,1,7
north_africa,2026-Q1,pushes_per_account_4q,TN,1.287967,2,7
north_africa,2026-Q1,pushes_per_account_4q,MA,1.199943,3,7
north_africa,2026-Q1,pushes_per_account_4q,MR,1.166945,4,7
north_africa,2026-Q1,pushes_per_account_4q,DZ,0.841602,5,7
north_africa,2026-Q1,pushes_per_account_4q,LY,0.666006,6,7
north_africa,2026-Q1,pushes_per_account_4q,SD,0.570152,7,7
north_africa,2026-Q1,repos_per_account,TN,2.32694,1,7
north_africa,2026-Q1,repos_per_account,EG,2.051602,2,7
north_africa,2026-Q1,repos_per_account,MA,1.651206,3,7
north_africa,2026-Q1,repos_per_account,MR,1.523285,4,7
north_africa,2026-Q1,repos_per_account,DZ,1.039255,5,7
north_africa,2026-Q1,repos_per_account,SD,0.876357,6,7
north_africa,2026-Q1,repos_per_account,LY,0.83129,7,7
north_africa,2026-Q1,orgs_per_account,TN,0.046954,1,7
north_africa,2026-Q1,orgs_per_account,MA,0.04278,2,7
north_africa,2026-Q1,orgs_per_account,EG,0.034134,3,7
north_africa,2026-Q1,orgs_per_account,DZ,0.031541,4,7
north_africa,2026-Q1,orgs_per_account,MR,0.031436,5,7
north_africa,2026-Q1,orgs_per_account,LY,0.028195,6,7
north_africa,2026-Q1,orgs_per_account,SD,0.025175,7,7
north_africa,2026-Q1,accounts_per_million,TN,34059.158091,1,7
north_africa,2026-Q1,accounts_per_million,MA,23585.423867,2,7
north_africa,2026-Q1,accounts_per_million,EG,13740.58487,3,7
north_africa,2026-Q1,accounts_per_million,DZ,12374.536506,4,7
north_africa,2026-Q1,accounts_per_million,LY,9876.57797,5,7
north_africa,2026-Q1,accounts_per_million,MR,3058.288092,6,7
north_africa,2026-Q1,accounts_per_million,SD,962.639048,7,7
north_africa,2026-Q1,topics,EG,37,1,7
north_africa,2026-Q1,topics,TN,18,2,7
north_africa,2026-Q1,topics,MA,13,3,7
north_africa,2026-Q1,topics,DZ,3,4,7
north_africa,2026-Q1,topics,LY,0,5,7
north_africa,2026-Q1,topics,MR,0,5,7
north_africa,2026-Q1,topics,SD,0,5,7
core_peers,2026-Q1,accounts,NG,1794519,1,6
core_peers,2026-Q1,accounts,EG,1626418,2,6
core_peers,2026-Q1,accounts,ZA,1058997,3,6
core_peers,2026-Q1,accounts,MA,906406,4,6
core_peers,2026-Q1,accounts,KE,678197,5,6
core_peers,2026-Q1,accounts,TN,420582,6,6
core_peers,2026-Q1,yoy,KE,0.462908,1,6
core_peers,2026-Q1,yoy,EG,0.43895,2,6
core_peers,2026-Q1,yoy,MA,0.432181,3,6
core_peers,2026-Q1,yoy,ZA,0.427926,4,6
core_peers,2026-Q1,yoy,NG,0.358383,5,6
core_peers,2026-Q1,yoy,TN,0.329391,6,6
core_peers,2026-Q1,since_2020,NG,9.33465,1,6
core_peers,2026-Q1,since_2020,KE,6.471599,2,6
core_peers,2026-Q1,since_2020,EG,5.869741,3,6
core_peers,2026-Q1,since_2020,MA,5.364987,4,6
core_peers,2026-Q1,since_2020,ZA,4.222729,5,6
core_peers,2026-Q1,since_2020,TN,3.745315,6,6
core_peers,2026-Q1,pushes_per_account,KE,2.309283,1,6
core_peers,2026-Q1,pushes_per_account,NG,1.658922,2,6
core_peers,2026-Q1,pushes_per_account,EG,1.570559,3,6
core_peers,2026-Q1,pushes_per_account,MA,1.386281,4,6
core_peers,2026-Q1,pushes_per_account,TN,1.352968,5,6
core_peers,2026-Q1,pushes_per_account,ZA,1.297621,6,6
core_peers,2026-Q1,pushes_per_account_4q,KE,2.278549,1,6
core_peers,2026-Q1,pushes_per_account_4q,EG,1.532563,2,6
core_peers,2026-Q1,pushes_per_account_4q,NG,1.447078,3,6
core_peers,2026-Q1,pushes_per_account_4q,TN,1.287967,4,6
core_peers,2026-Q1,pushes_per_account_4q,ZA,1.208917,5,6
core_peers,2026-Q1,pushes_per_account_4q,MA,1.199943,6,6
core_peers,2026-Q1,repos_per_account,KE,4.770609,1,6
core_peers,2026-Q1,repos_per_account,NG,2.607493,2,6
core_peers,2026-Q1,repos_per_account,TN,2.32694,3,6
core_peers,2026-Q1,repos_per_account,EG,2.051602,4,6
core_peers,2026-Q1,repos_per_account,ZA,1.724335,5,6
core_peers,2026-Q1,repos_per_account,MA,1.651206,6,6
core_peers,2026-Q1,orgs_per_account,TN,0.046954,1,6
core_peers,2026-Q1,orgs_per_account,KE,0.043442,2,6
core_peers,2026-Q1,orgs_per_account,ZA,0.043246,3,6
core_peers,2026-Q1,orgs_per_account,MA,0.04278,4,6
core_peers,2026-Q1,orgs_per_account,NG,0.04118,5,6
core_peers,2026-Q1,orgs_per_account,EG,0.034134,6,6
core_peers,2026-Q1,accounts_per_million,TN,34059.158091,1,6
core_peers,2026-Q1,accounts_per_million,MA,23585.423867,2,6
core_peers,2026-Q1,accounts_per_million,ZA,16355.843243,3,6
core_peers,2026-Q1,accounts_per_million,EG,13740.58487,4,6
core_peers,2026-Q1,accounts_per_million,KE,11788.069048,5,6
core_peers,2026-Q1,accounts_per_million,NG,7554.985715,6,6
core_peers,2026-Q1,topics,EG,37,1,6
core_peers,2026-Q1,topics,NG,23,2,6
core_peers,2026-Q1,topics,TN,18,3,6
core_peers,2026-Q1,topics,MA,13,4,6
core_peers,2026-Q1,topics,KE,11,5,6
core_peers,2026-Q1,topics,ZA,7,6,6
africa,2026-Q1,accounts,NG,1794519,1,29
africa,2026-Q1,accounts,EG,1626418,2,29
africa,2026-Q1,accounts,ZA,1058997,3,29
africa,2026-Q1,accounts,MA,906406,4,29
africa,2026-Q1,accounts,KE,678197,5,29
africa,2026-Q1,accounts,DZ,586990,6,29
africa,2026-Q1,accounts,TN,420582,7,29
africa,2026-Q1,accounts,GH,328387,8,29
africa,2026-Q1,accounts,ET,251351,9,29
africa,2026-Q1,accounts,UG,147165,10,29
africa,2026-Q1,accounts,CM,139140,11,29
africa,2026-Q1,accounts,TZ,121146,12,29
africa,2026-Q1,accounts,CI,112935,13,29
africa,2026-Q1,accounts,SN,91364,14,29
africa,2026-Q1,accounts,RW,87857,15,29
africa,2026-Q1,accounts,ZW,84670,16,29
africa,2026-Q1,accounts,AO,81314,17,29
africa,2026-Q1,accounts,MG,81275,18,29
africa,2026-Q1,accounts,LY,73665,19,29
africa,2026-Q1,accounts,SO,72309,20,29
africa,2026-Q1,accounts,BJ,66467,21,29
africa,2026-Q1,accounts,CD,66438,22,29
africa,2026-Q1,accounts,ZM,64531,23,29
africa,2026-Q1,accounts,MU,50296,24,29
africa,2026-Q1,accounts,SD,49732,25,29
africa,2026-Q1,accounts,MZ,48751,26,29
africa,2026-Q1,accounts,TG,40421,27,29
africa,2026-Q1,accounts,MW,35746,28,29
africa,2026-Q1,accounts,BW,30651,29,29
africa,2026-Q1,yoy,CD,0.88359,1,29
africa,2026-Q1,yoy,MZ,0.768198,2,29
africa,2026-Q1,yoy,AO,0.730196,3,29
africa,2026-Q1,yoy,ZM,0.660944,4,29
africa,2026-Q1,yoy,LY,0.650349,5,29
africa,2026-Q1,yoy,SO,0.630197,6,29
africa,2026-Q1,yoy,MW,0.627704,7,29
africa,2026-Q1,yoy,UG,0.609222,8,29
africa,2026-Q1,yoy,RW,0.594559,9,29
africa,2026-Q1,yoy,CM,0.58999,10,29
africa,2026-Q1,yoy,TZ,0.588009,11,29
africa,2026-Q1,yoy,ZW,0.573909,12,29
africa,2026-Q1,yoy,BJ,0.568469,13,29
africa,2026-Q1,yoy,CI,0.56476,14,29
africa,2026-Q1,yoy,MG,0.564515,15,29
africa,2026-Q1,yoy,BW,0.53209,16,29
africa,2026-Q1,yoy,ET,0.52888,17,29
africa,2026-Q1,yoy,TG,0.498739,18,29
africa,2026-Q1,yoy,DZ,0.491469,19,29
africa,2026-Q1,yoy,SN,0.477067,20,29
africa,2026-Q1,yoy,GH,0.471037,21,29
africa,2026-Q1,yoy,KE,0.462908,22,29
africa,2026-Q1,yoy,SD,0.440171,23,29
africa,2026-Q1,yoy,EG,0.43895,24,29
africa,2026-Q1,yoy,MA,0.432181,25,29
africa,2026-Q1,yoy,ZA,0.427926,26,29
africa,2026-Q1,yoy,NG,0.358383,27,29
africa,2026-Q1,yoy,MU,0.34878,28,29
africa,2026-Q1,yoy,TN,0.329391,29,29
africa,2026-Q1,since_2020,SO,13.024244,1,29
africa,2026-Q1,since_2020,CD,11.289678,2,29
africa,2026-Q1,since_2020,AO,10.363052,3,29
africa,2026-Q1,since_2020,ET,9.876758,4,29
africa,2026-Q1,since_2020,BJ,9.501975,5,29
africa,2026-Q1,since_2020,NG,9.33465,6,29
africa,2026-Q1,since_2020,MW,9.184046,7,29
africa,2026-Q1,since_2020,ZM,8.26637,8,29
africa,2026-Q1,since_2020,RW,7.921304,9,29
africa,2026-Q1,since_2020,MZ,7.481385,10,29
africa,2026-Q1,since_2020,LY,7.072877,11,29
africa,2026-Q1,since_2020,MG,7.043048,12,29
africa,2026-Q1,since_2020,CM,6.964967,13,29
africa,2026-Q1,since_2020,TG,6.914823,14,29
africa,2026-Q1,since_2020,GH,6.714229,15,29
africa,2026-Q1,since_2020,KE,6.471599,16,29
africa,2026-Q1,since_2020,BW,6.083661,17,29
africa,2026-Q1,since_2020,TZ,6.016042,18,29
africa,2026-Q1,since_2020,UG,5.990215,19,29
africa,2026-Q1,since_2020,CI,5.937039,20,29
africa,2026-Q1,since_2020,EG,5.869741,21,29
africa,2026-Q1,since_2020,SN,5.651427,22,29
africa,2026-Q1,since_2020,DZ,5.392903,23,29
africa,2026-Q1,since_2020,ZW,5.380558,24,29
africa,2026-Q1,since_2020,MA,5.364987,25,29
africa,2026-Q1,since_2020,ZA,4.222729,26,29
africa,2026-Q1,since_2020,TN,3.745315,27,29
africa,2026-Q1,since_2020,MU,3.651868,28,29
africa,2026-Q1,since_2020,SD,3.516985,29,29
africa,2026-Q1,pushes_per_account,RW,3.732884,1,29
africa,2026-Q1,pushes_per_account,MG,2.845549,2,29
africa,2026-Q1,pushes_per_account,ET,2.45368,3,29
africa,2026-Q1,pushes_per_account,KE,2.309283,4,29
africa,2026-Q1,pushes_per_account,UG,2.106173,5,29
africa,2026-Q1,pushes_per_account,BJ,2.036725,6,29
africa,2026-Q1,pushes_per_account,SN,2.031347,7,29
africa,2026-Q1,pushes_per_account,CM,2.009472,8,29
africa,2026-Q1,pushes_per_account,TG,1.882363,9,29
africa,2026-Q1,pushes_per_account,TZ,1.863462,10,29
africa,2026-Q1,pushes_per_account,MW,1.821043,11,29
africa,2026-Q1,pushes_per_account,GH,1.807258,12,29
africa,2026-Q1,pushes_per_account,BW,1.802029,13,29
africa,2026-Q1,pushes_per_account,MZ,1.741708,14,29
africa,2026-Q1,pushes_per_account,CD,1.693624,15,29
africa,2026-Q1,pushes_per_account,NG,1.658922,16,29
africa,2026-Q1,pushes_per_account,MU,1.595952,17,29
africa,2026-Q1,pushes_per_account,CI,1.57379,18,29
africa,2026-Q1,pushes_per_account,EG,1.570559,19,29
africa,2026-Q1,pushes_per_account,ZW,1.570037,20,29
africa,2026-Q1,pushes_per_account,AO,1.533266,21,29
africa,2026-Q1,pushes_per_account,ZM,1.530644,22,29
africa,2026-Q1,pushes_per_account,MA,1.386281,23,29
africa,2026-Q1,pushes_per_account,TN,1.352968,24,29
africa,2026-Q1,pushes_per_account,ZA,1.297621,25,29
africa,2026-Q1,pushes_per_account,DZ,1.063013,26,29
africa,2026-Q1,pushes_per_account,SO,0.892627,27,29
africa,2026-Q1,pushes_per_account,LY,0.873346,28,29
africa,2026-Q1,pushes_per_account,SD,0.7351,29,29
africa,2026-Q1,pushes_per_account_4q,RW,3.647616,1,29
africa,2026-Q1,pushes_per_account_4q,ET,2.327163,2,29
africa,2026-Q1,pushes_per_account_4q,KE,2.278549,3,29
africa,2026-Q1,pushes_per_account_4q,MG,2.209809,4,29
africa,2026-Q1,pushes_per_account_4q,UG,1.830557,5,29
africa,2026-Q1,pushes_per_account_4q,CM,1.757909,6,29
africa,2026-Q1,pushes_per_account_4q,SN,1.648087,7,29
africa,2026-Q1,pushes_per_account_4q,BJ,1.624219,8,29
africa,2026-Q1,pushes_per_account_4q,GH,1.610561,9,29
africa,2026-Q1,pushes_per_account_4q,TG,1.536926,10,29
africa,2026-Q1,pushes_per_account_4q,EG,1.532563,11,29
africa,2026-Q1,pushes_per_account_4q,CD,1.455701,12,29
africa,2026-Q1,pushes_per_account_4q,MW,1.454909,13,29
africa,2026-Q1,pushes_per_account_4q,MZ,1.450043,14,29
africa,2026-Q1,pushes_per_account_4q,NG,1.447078,15,29
africa,2026-Q1,pushes_per_account_4q,TZ,1.445617,16,29
africa,2026-Q1,pushes_per_account_4q,BW,1.40604,17,29
africa,2026-Q1,pushes_per_account_4q,ZW,1.324611,18,29
africa,2026-Q1,pushes_per_account_4q,TN,1.287967,19,29
africa,2026-Q1,pushes_per_account_4q,MU,1.278713,20,29
africa,2026-Q1,pushes_per_account_4q,AO,1.225198,21,29
africa,2026-Q1,pushes_per_account_4q,ZM,1.22282,22,29
africa,2026-Q1,pushes_per_account_4q,ZA,1.208917,23,29
africa,2026-Q1,pushes_per_account_4q,MA,1.199943,24,29
africa,2026-Q1,pushes_per_account_4q,CI,1.198268,25,29
africa,2026-Q1,pushes_per_account_4q,DZ,0.841602,26,29
africa,2026-Q1,pushes_per_account_4q,SO,0.765815,27,29
africa,2026-Q1,pushes_per_account_4q,LY,0.666006,28,29
africa,2026-Q1,pushes_per_account_4q,SD,0.570152,29,29
africa,2026-Q1,repos_per_account,KE,4.770609,1,29
africa,2026-Q1,repos_per_account,RW,4.227415,2,29
africa,2026-Q1,repos_per_account,UG,2.695614,3,29
africa,2026-Q1,repos_per_account,SN,2.66061,4,29
africa,2026-Q1,repos_per_account,NG,2.607493,5,29
africa,2026-Q1,repos_per_account,ET,2.432893,6,29
africa,2026-Q1,repos_per_account,TN,2.32694,7,29
africa,2026-Q1,repos_per_account,CM,2.254212,8,29
africa,2026-Q1,repos_per_account,GH,2.244218,9,29
africa,2026-Q1,repos_per_account,MG,2.101015,10,29
africa,2026-Q1,repos_per_account,EG,2.051602,11,29
africa,2026-Q1,repos_per_account,TZ,1.899493,12,29
africa,2026-Q1,repos_per_account,TG,1.828653,13,29
africa,2026-Q1,repos_per_account,BJ,1.773752,14,29
africa,2026-Q1,repos_per_account,MZ,1.754036,15,29
africa,2026-Q1,repos_per_account,ZW,1.74299,16,29
africa,2026-Q1,repos_per_account,MU,1.727791,17,29
africa,2026-Q1,repos_per_account,ZA,1.724335,18,29
africa,2026-Q1,repos_per_account,MA,1.651206,19,29
africa,2026-Q1,repos_per_account,CI,1.631576,20,29
africa,2026-Q1,repos_per_account,CD,1.626072,21,29
africa,2026-Q1,repos_per_account,ZM,1.514776,22,29
africa,2026-Q1,repos_per_account,MW,1.453701,23,29
africa,2026-Q1,repos_per_account,SO,1.453235,24,29
africa,2026-Q1,repos_per_account,AO,1.426802,25,29
africa,2026-Q1,repos_per_account,BW,1.266353,26,29
africa,2026-Q1,repos_per_account,DZ,1.039255,27,29
africa,2026-Q1,repos_per_account,SD,0.876357,28,29
africa,2026-Q1,repos_per_account,LY,0.83129,29,29
africa,2026-Q1,orgs_per_account,RW,0.058789,1,29
africa,2026-Q1,orgs_per_account,CM,0.055254,2,29
africa,2026-Q1,orgs_per_account,MG,0.048354,3,29
africa,2026-Q1,orgs_per_account,UG,0.048279,4,29
africa,2026-Q1,orgs_per_account,GH,0.047599,5,29
africa,2026-Q1,orgs_per_account,TN,0.046954,6,29
africa,2026-Q1,orgs_per_account,TG,0.046931,7,29
africa,2026-Q1,orgs_per_account,SN,0.045466,8,29
africa,2026-Q1,orgs_per_account,CI,0.044539,9,29
africa,2026-Q1,orgs_per_account,TZ,0.044005,10,29
africa,2026-Q1,orgs_per_account,AO,0.044002,11,29
africa,2026-Q1,orgs_per_account,BJ,0.04348,12,29
africa,2026-Q1,orgs_per_account,KE,0.043442,13,29
africa,2026-Q1,orgs_per_account,ZA,0.043246,14,29
africa,2026-Q1,orgs_per_account,MA,0.04278,15,29
africa,2026-Q1,orgs_per_account,CD,0.042385,16,29
africa,2026-Q1,orgs_per_account,NG,0.04118,17,29
africa,2026-Q1,orgs_per_account,MZ,0.040266,18,29
africa,2026-Q1,orgs_per_account,ET,0.039495,19,29
africa,2026-Q1,orgs_per_account,ZW,0.037522,20,29
africa,2026-Q1,orgs_per_account,MU,0.037399,21,29
africa,2026-Q1,orgs_per_account,ZM,0.035905,22,29
africa,2026-Q1,orgs_per_account,MW,0.034829,23,29
africa,2026-Q1,orgs_per_account,EG,0.034134,24,29
africa,2026-Q1,orgs_per_account,DZ,0.031541,25,29
africa,2026-Q1,orgs_per_account,BW,0.030407,26,29
africa,2026-Q1,orgs_per_account,LY,0.028195,27,29
africa,2026-Q1,orgs_per_account,SD,0.025175,28,29
africa,2026-Q1,orgs_per_account,SO,0.024644,29,29
africa,2026-Q1,accounts_per_million,MU,40439.287601,1,29
africa,2026-Q1,accounts_per_million,TN,34059.158091,2,29
africa,2026-Q1,accounts_per_million,MA,23585.423867,3,29
africa,2026-Q1,accounts_per_million,ZA,16355.843243,4,29
africa,2026-Q1,accounts_per_million,EG,13740.58487,5,29
africa,2026-Q1,accounts_per_million,DZ,12374.536506,6,29
africa,2026-Q1,accounts_per_million,BW,11963.130561,7,29
africa,2026-Q1,accounts_per_million,KE,11788.069048,8,29
africa,2026-Q1,accounts_per_million,LY,9876.57797,9,29
africa,2026-Q1,accounts_per_million,GH,9365.287835,10,29
africa,2026-Q1,accounts_per_million,NG,7554.985715,11,29
africa,2026-Q1,accounts_per_million,RW,6030.265885,12,29
africa,2026-Q1,accounts_per_million,ZW,4995.045955,13,29
africa,2026-Q1,accounts_per_million,SN,4825.911899,14,29
africa,2026-Q1,accounts_per_million,TG,4704.697341,15,29
africa,2026-Q1,accounts_per_million,CM,4656.729833,16,29
africa,2026-Q1,accounts_per_million,BJ,4486.629955,17,29
africa,2026-Q1,accounts_per_million,SO,3678.960072,18,29
africa,2026-Q1,accounts_per_million,CI,3452.450598,19,29
africa,2026-Q1,accounts_per_million,ZM,2944.755455,20,29
africa,2026-Q1,accounts_per_million,UG,2863.973992,21,29
africa,2026-Q1,accounts_per_million,MG,2482.385979,22,29
africa,2026-Q1,accounts_per_million,AO,2082.836034,23,29
africa,2026-Q1,accounts_per_million,ET,1855.371629,24,29
africa,2026-Q1,accounts_per_million,TZ,1717.265782,25,29
africa,2026-Q1,accounts_per_million,MW,1609.011835,26,29
africa,2026-Q1,accounts_per_million,MZ,1368.193611,27,29
africa,2026-Q1,accounts_per_million,SD,962.639048,28,29
africa,2026-Q1,accounts_per_million,CD,588.819852,29,29
africa,2026-Q1,topics,EG,37,1,29
africa,2026-Q1,topics,NG,23,2,29
africa,2026-Q1,topics,TN,18,3,29
africa,2026-Q1,topics,MA,13,4,29
africa,2026-Q1,topics,KE,11,5,29
africa,2026-Q1,topics,ZA,7,6,29
africa,2026-Q1,topics,DZ,3,7,29
africa,2026-Q1,topics,GH,3,7,29
africa,2026-Q1,topics,CM,2,9,29
africa,2026-Q1,topics,ET,2,9,29
africa,2026-Q1,topics,RW,2,9,29
africa,2026-Q1,topics,TZ,2,9,29
africa,2026-Q1,topics,UG,2,9,29
africa,2026-Q1,topics,MG,1,14,29
africa,2026-Q1,topics,AO,0,15,29
africa,2026-Q1,topics,BJ,0,15,29
africa,2026-Q1,topics,BW,0,15,29
africa,2026-Q1,topics,CD,0,15,29
africa,2026-Q1,topics,CI,0,15,29
africa,2026-Q1,topics,LY,0,15,29
africa,2026-Q1,topics,MU,0,15,29
africa,2026-Q1,topics,MW,0,15,29
africa,2026-Q1,topics,MZ,0,15,29
africa,2026-Q1,topics,SD,0,15,29
africa,2026-Q1,topics,SN,0,15,29
africa,2026-Q1,topics,SO,0,15,29
africa,2026-Q1,topics,TG,0,15,29
africa,2026-Q1,topics,ZM,0,15,29
africa,2026-Q1,topics,ZW,0,15,29
algeria_and_peers,2026-Q1,accounts,NG,1794519,1,7
algeria_and_peers,2026-Q1,accounts,EG,1626418,2,7
algeria_and_peers,2026-Q1,accounts,ZA,1058997,3,7
algeria_and_peers,2026-Q1,accounts,MA,906406,4,7
algeria_and_peers,2026-Q1,accounts,KE,678197,5,7
algeria_and_peers,2026-Q1,accounts,DZ,586990,6,7
algeria_and_peers,2026-Q1,accounts,TN,420582,7,7
algeria_and_peers,2026-Q1,yoy,DZ,0.491469,1,7
algeria_and_peers,2026-Q1,yoy,KE,0.462908,2,7
algeria_and_peers,2026-Q1,yoy,EG,0.43895,3,7
algeria_and_peers,2026-Q1,yoy,MA,0.432181,4,7
algeria_and_peers,2026-Q1,yoy,ZA,0.427926,5,7
algeria_and_peers,2026-Q1,yoy,NG,0.358383,6,7
algeria_and_peers,2026-Q1,yoy,TN,0.329391,7,7
algeria_and_peers,2026-Q1,since_2020,NG,9.33465,1,7
algeria_and_peers,2026-Q1,since_2020,KE,6.471599,2,7
algeria_and_peers,2026-Q1,since_2020,EG,5.869741,3,7
algeria_and_peers,2026-Q1,since_2020,DZ,5.392903,4,7
algeria_and_peers,2026-Q1,since_2020,MA,5.364987,5,7
algeria_and_peers,2026-Q1,since_2020,ZA,4.222729,6,7
algeria_and_peers,2026-Q1,since_2020,TN,3.745315,7,7
algeria_and_peers,2026-Q1,pushes_per_account,KE,2.309283,1,7
algeria_and_peers,2026-Q1,pushes_per_account,NG,1.658922,2,7
algeria_and_peers,2026-Q1,pushes_per_account,EG,1.570559,3,7
algeria_and_peers,2026-Q1,pushes_per_account,MA,1.386281,4,7
algeria_and_peers,2026-Q1,pushes_per_account,TN,1.352968,5,7
algeria_and_peers,2026-Q1,pushes_per_account,ZA,1.297621,6,7
algeria_and_peers,2026-Q1,pushes_per_account,DZ,1.063013,7,7
algeria_and_peers,2026-Q1,pushes_per_account_4q,KE,2.278549,1,7
algeria_and_peers,2026-Q1,pushes_per_account_4q,EG,1.532563,2,7
algeria_and_peers,2026-Q1,pushes_per_account_4q,NG,1.447078,3,7
algeria_and_peers,2026-Q1,pushes_per_account_4q,TN,1.287967,4,7
algeria_and_peers,2026-Q1,pushes_per_account_4q,ZA,1.208917,5,7
algeria_and_peers,2026-Q1,pushes_per_account_4q,MA,1.199943,6,7
algeria_and_peers,2026-Q1,pushes_per_account_4q,DZ,0.841602,7,7
algeria_and_peers,2026-Q1,repos_per_account,KE,4.770609,1,7
algeria_and_peers,2026-Q1,repos_per_account,NG,2.607493,2,7
algeria_and_peers,2026-Q1,repos_per_account,TN,2.32694,3,7
algeria_and_peers,2026-Q1,repos_per_account,EG,2.051602,4,7
algeria_and_peers,2026-Q1,repos_per_account,ZA,1.724335,5,7
algeria_and_peers,2026-Q1,repos_per_account,MA,1.651206,6,7
algeria_and_peers,2026-Q1,repos_per_account,DZ,1.039255,7,7
algeria_and_peers,2026-Q1,orgs_per_account,TN,0.046954,1,7
algeria_and_peers,2026-Q1,orgs_per_account,KE,0.043442,2,7
algeria_and_peers,2026-Q1,orgs_per_account,ZA,0.043246,3,7
algeria_and_peers,2026-Q1,orgs_per_account,MA,0.04278,4,7
algeria_and_peers,2026-Q1,orgs_per_account,NG,0.04118,5,7
algeria_and_peers,2026-Q1,orgs_per_account,EG,0.034134,6,7
algeria_and_peers,2026-Q1,orgs_per_account,DZ,0.031541,7,7
algeria_and_peers,2026-Q1,accounts_per_million,TN,34059.158091,1,7
algeria_and_peers,2026-Q1,accounts_per_million,MA,23585.423867,2,7
algeria_and_peers,2026-Q1,accounts_per_million,ZA,16355.843243,3,7
algeria_and_peers,2026-Q1,accounts_per_million,EG,13740.58487,4,7
algeria_and_peers,2026-Q1,accounts_per_million,DZ,12374.536506,5,7
algeria_and_peers,2026-Q1,accounts_per_million,KE,11788.069048,6,7
algeria_and_peers,2026-Q1,accounts_per_million,NG,7554.985715,7,7
algeria_and_peers,2026-Q1,topics,EG,37,1,7
algeria_and_peers,2026-Q1,topics,NG,23,2,7
algeria_and_peers,2026-Q1,topics,TN,18,3,7
algeria_and_peers,2026-Q1,topics,MA,13,4,7
algeria_and_peers,2026-Q1,topics,KE,11,5,7
algeria_and_peers,2026-Q1,topics,ZA,7,6,7
algeria_and_peers,2026-Q1,topics,DZ,3,7,7
